dataset,z_um,y_um,x_um
Confocal (HCR),8.49741939064321,114.0399694529848,293.617603127939
Confocal (HCR),12.47441180650007,131.59673121207445,311.24990436584716
Confocal (HCR),10.307038834951456,135.41279081108414,312.9190098375809
Confocal (HCR),9.753396269859545,137.5314098097801,309.4870401997179
Confocal (HCR),2.0425531914893615,136.78632349999998,318.3142685212766
Confocal (HCR),5.206078379098907,136.49165764756066,319.29034452159425
Confocal (HCR),2.9951620706337687,184.09863184155782,189.01304739235607
Confocal (HCR),4.8128457283343575,194.49051216917638,226.91789800399508
Confocal (HCR),4.027958740499457,214.32965211563516,243.92782368078173
Confocal (HCR),4.9496,247.26330253189997,231.3381364391
Confocal (HCR),3.720735785953177,138.81721244899663,320.7329359439799
Confocal (HCR),5.707297514033681,156.39062155172414,301.43799188011224
Confocal (HCR),6.951219512195122,125.85237841768293,307.24335055335365
Confocal (HCR),8.834570191713048,245.75616869635127,239.02733001561535
Confocal (HCR),9.184713375796179,157.85234013057322,301.7593844522293
Confocal (HCR),6.766666666666667,127.26248059166666,306.46501836666664
Confocal (HCR),10.34291652234153,214.82111813283686,239.59242202736405
Confocal (HCR),6.913978494623656,224.15061697043012,286.3190156182796
Confocal (HCR),24.33510451944412,285.9803811581659,127.02847398664309
Confocal (HCR),12.99809885931559,248.40395926679338,231.40100078168567
Confocal (HCR),17.614415287682615,289.32972234656927,186.93143226061065
Confocal (HCR),27.74767044114178,267.26719636786385,127.57153261625677
Confocal (HCR),14.282412626832018,231.2630123895152,179.6448275870913
Confocal (HCR),10.772727272727273,231.80146134848482,181.54835371969696
Confocal (HCR),17.476457113769406,292.54213305790273,190.8161634455332
Confocal (HCR),10.948717948717949,194.67076591025642,226.51625700641026
Confocal (HCR),13.83053040103493,223.02496809637773,181.79334630918498
Confocal (HCR),21.954062430816915,135.1088006402756,303.08725230263445
Confocal (HCR),20.998648191956743,141.8006316249859,302.43687675785736
Confocal (HCR),11.0,156.18225977777777,302.50511080555555
Confocal (HCR),12.674418604651162,217.78070265116276,241.03297777906974
Confocal (HCR),24.61122577686045,252.1246322835684,144.06438422715283
Confocal (HCR),24.482262245872562,305.7063994851958,151.25100953411106
Confocal (HCR),13.241645244215938,306.2368908663239,148.9948621118252
Confocal (HCR),17.549433731251913,218.12253038735844,184.92942584925007
Confocal (HCR),13.23076923076923,220.19612319230768,182.0757371346154
Confocal (HCR),19.27332123411978,256.5575055928312,211.05105558076224
Confocal (HCR),28.65947464172864,292.3933390745268,112.45435693426639
Confocal (HCR),30.708091221493284,304.6561486205248,113.63110998597311
Confocal (HCR),13.272727272727273,305.46240927272726,147.2288054181818
Confocal (HCR),27.583437892095358,318.60058636619965,162.29942365401504
Confocal (HCR),17.510277777777777,249.91185337819442,212.07271105763888
Confocal (HCR),13.470588235294118,248.66466699999998,228.94584949999998
Confocal (HCR),18.137030995106034,249.6838760783034,231.53992283849917
Confocal (HCR),14.567901234567902,258.4484805432099,210.5851831728395
Confocal (HCR),20.221682567215957,260.47280654431916,196.88530433252382
Confocal (HCR),18.931535269709542,205.47597806172197,181.9149194732884
Confocal (HCR),22.753686934023285,245.26943758305305,213.1191858217335
Confocal (HCR),21.374399359316605,278.7076183529098,147.49586279624933
Confocal (HCR),32.872703275329094,331.4604645294015,153.57925431690458
Confocal (HCR),16.346153846153847,201.91886643956042,191.72187700824173
Confocal (HCR),26.673619032100376,300.4167418323285,155.90259949804462
Confocal (HCR),16.705882352941178,200.1795745588235,192.01122229411763
Confocal (HCR),19.181137724550897,215.89153243712576,240.85637571482033
Confocal (HCR),20.25395033860045,258.4174812155756,148.22239426467266
Confocal (HCR),20.284446908788468,201.3339230896867,190.92722817438315
Confocal (HCR),19.84977827050998,246.95281867017738,229.9019900848115
Confocal (HCR),22.889082058414466,250.59216300678023,231.90295040559803
Confocal (HCR),19.651162790697676,259.16849732558137,152.85744134496125
Confocal (HCR),28.363636363636363,299.0701104857235,163.54335317563292
Confocal (HCR),19.96875,305.609238984375,154.72136639062498
Confocal (HCR),31.786243687897052,317.6182819677879,138.95648214324402
Confocal (HCR),19.155555555555555,205.47238464444445,210.12418053888888
Confocal (HCR),30.482447987416887,307.2903535431114,159.59688312079072
Confocal (HCR),21.40740740740741,132.32492502469134,315.0372585617284
Confocal (HCR),29.327358149620526,274.19798702793634,119.86023936772678
Confocal (HCR),26.330024813895783,299.33651690415627,115.04283128163772
Confocal (HCR),30.628020347604917,299.0054385257524,117.82456499364136
Confocal (HCR),31.000218962119554,299.87532662458943,120.25976696496605
Confocal (HCR),24.050847457627118,300.8447742542373,113.8203216016949
Confocal (HCR),30.96808003811339,310.99625736128314,162.61201970239796
Confocal (HCR),21.5609756097561,310.7461758685637,161.97780896341462
Confocal (HCR),34.03516868236792,324.1741490915022,138.18693494167726
Confocal (HCR),28.707306666666668,263.87843904357334,140.82148268128
Confocal (HCR),23.70346598202824,300.1808604229782,114.86580896598201
Confocal (HCR),31.57938777671857,304.0152499824171,124.21719466295943
Confocal (HCR),23.352941176470587,300.84525712745096,121.3694234607843
Confocal (HCR),24.348837209302324,130.88274606976742,302.2819902267442
Confocal (HCR),24.486486486486488,242.94256348648648,214.56766194594596
Confocal (HCR),23.933333333333334,300.91607393333334,117.43881940555555
Confocal (HCR),22.666666666666668,305.2340587753623,123.90215944927535
Confocal (HCR),28.304444444444446,276.9030899307407,139.31801978814815
Confocal (HCR),32.44625407166124,310.24160181270355,159.0594935635179
Confocal (HCR),38.18685462102061,346.22783228623763,141.80012303470585
Confocal (HCR),26.86466165413534,144.35157619736842,305.51837987030075
Confocal (HCR),29.996666666666666,274.20364916,136.98558734
Confocal (HCR),29.317460317460316,300.86599439682533,123.01115625396824
Confocal (HCR),26.952380952380953,203.9390283095238,184.49696614285713
Confocal (HCR),27.868175765645805,205.56324834620506,182.70135995672436
Confocal (HCR),29.936507936507937,205.34455003809524,184.6735624031746
Confocal (HCR),30.92079207920792,300.1473243415841,114.23761421287129
Confocal (HCR),39.08162911611785,300.03647641507797,122.3498036245234
Confocal (HCR),31.69158878504673,300.8162350934579,115.60096138317758
Confocal (HCR),34.22660098522167,313.9683598842364,160.23929300985222
Confocal (HCR),37.75833333333333,321.17629405416665,137.77918325833332
Confocal (HCR),36.37521663778163,290.76469310311955,198.03876596923743
Confocal (HCR),35.39440203562341,289.9070214160305,195.20546598982187
Confocal (HCR),34.05747126436781,316.25022805747125,152.89539255747124
Confocal (HCR),42.53939631517052,304.3260934549196,101.3069352759702
Confocal (HCR),35.73076923076923,289.6031674615385,196.65329209615382
Confocal (HCR),35.44,298.651661796,114.07688786799999
Confocal (HCR),41.19191919191919,310.42303895959594,161.31481323232322
Confocal (HCR),46.51111111111111,306.74177369999995,102.89302034444444
Confocal (HCR),77.62310688013847,211.2852276429035,130.37888665729122
Confocal (HCR),79.1344,225.095490925,138.6725217988
Confocal (HCR),72.23293172690764,295.78976490361447,215.31064773092368
Confocal (HCR),79.15921936653514,295.7738509323344,216.03480147589846
Confocal (HCR),77.35359056806003,300.29148342020363,207.29145770209
Confocal (HCR),79.06711826916431,302.6107225754476,212.66731007676086
Confocal (HCR),80.17678189393087,220.11890938199528,114.60061752927598
Confocal (HCR),73.00395256916995,220.6682123389328,115.47424851778655
Confocal (HCR),88.36545589325426,234.5864234048266,129.09568919349036
Confocal (HCR),79.07834148329259,290.4909026798594,207.12009246317234
Confocal (HCR),78.32972972972973,212.64503516540537,135.53509019837838
Confocal (HCR),73.93478260869566,213.08806972101448,136.0056929673913
Confocal (HCR),75.40425531914893,222.49715581276593,117.19292916170212
Confocal (HCR),75.52049180327869,223.7668951885246,138.4710999477459
Confocal (HCR),81.04415874790385,229.6597436724427,129.72024469452208
Confocal (HCR),79.03261802575108,298.41452642360514,214.4986865939914
Confocal (HCR),78.621387283237,299.2970952268786,203.85369922398843
Confocal (HCR),82.47094306311608,300.81772745777545,201.7720751739738
Confocal (HCR),81.87739463601532,229.88069402394635,130.16328207471264
Confocal (HCR),82.717277486911,237.60984908769632,129.8551238298429
Confocal (HCR),85.37200342465754,307.2845358103239,210.79420646461185
Confocal (HCR),75.34782608695652,228.94584949999998,129.4583235869565
Confocal (HCR),80.40522875816994,232.12039597058822,128.2923767254902
Confocal (HCR),76.78787878787878,223.05221887878784,137.56627034848484
Confocal (HCR),81.51298701298701,228.67291303084414,127.48828778409091
Confocal (HCR),85.80185317177477,293.4106340051675,207.18302717890234
Confocal (HCR),79.34782608695652,304.3917599347826,208.20724876086956
Confocal (HCR),87.21125822299942,308.61030084927967,200.63836959551168
Confocal (HCR),81.33333333333333,232.4398855833333,127.89555841666665
Confocal (HCR),82.975,297.62960435,214.46289696249997
Confocal (HCR),86.55614266842801,303.023920423712,204.9037810019815
Confocal (HCR),90.89099205678554,306.4669208549518,204.4418471599628
Confocal (HCR),80.12820512820512,225.91218526923078,141.39536424358974
Confocal (HCR),90.71391076115485,295.0540037216798,204.1587483845669
Confocal (HCR),83.06666666666666,296.44115308205124,202.12399992564102
Confocal (HCR),86.82334207568378,294.3719923947171,199.8959495961034
Confocal (HCR),85.19354838709677,223.64190368202765,141.48383078801842
Confocal (HCR),86.2663043478261,226.1978495326087,141.5496362513587
Confocal (HCR),89.5391304347826,293.6181561217391,206.70555025652172
Confocal (HCR),84.08222811671088,296.183631143236,205.47596949469494
Confocal (HCR),82.05128205128206,222.7294989358974,139.15204937820513
Confocal (HCR),81.98170731707317,223.8756580426829,141.7565286554878
Confocal (HCR),82.80327868852459,222.61677261475407,139.24309420491804
Confocal (HCR),90.34077478660538,235.11430883896915,136.03483191694025
Confocal (HCR),89.44420468557337,320.46322463871763,181.97023614041305
Confocal (HCR),82.25925925925925,223.80281288888887,138.2085384074074
Confocal (HCR),92.78778135048232,230.0137157379421,126.89721472025722
Confocal (HCR),88.46315789473684,236.90766345789473,134.8220889368421
Confocal (HCR),86.86363636363636,225.3247575590909,139.96775185454547
Confocal (HCR),85.47058823529412,295.68051421568623,206.10132470588235
Confocal (HCR),96.68061366806137,233.68890324616459,135.7400957022315
Confocal (HCR),91.01579492490937,236.37374193034694,137.75380267309683
Confocal (HCR),84.17647058823529,290.6541489705882,204.83150611764705
Confocal (HCR),90.60443037974683,303.48652667246836,204.53313893354428
Confocal (HCR),85.52777777777777,292.1210200694444,202.41193191666665
Confocal (HCR),91.31754161331627,307.4814652272727,187.5542722362356
Confocal (HCR),98.09828674481516,303.46765079846705,186.66273794499548
Confocal (HCR),96.37492317148126,304.36495228948985,186.92728390488628
Confocal (HCR),91.94366197183099,302.7927479507042,201.8774238169014
Confocal (HCR),92.3,230.45416606666666,135.11541317500001
Confocal (HCR),90.73913043478261,303.6382032934782,200.36935722826087
Confocal (HCR),93.18518518518519,231.5980881111111,128.58744675
Confocal (HCR),94.31645569620254,232.8764758797468,128.10268701265824
Confocal (HCR),93.93175853018373,239.3121890328084,135.43360008923884
Confocal (HCR),95.0952380952381,295.9082850178571,201.85347919047618
Confocal (HCR),97.03589232303091,307.48462585194414,181.18734328165502
Confocal (HCR),93.97701149425288,308.2267092126437,182.46208733524904
Confocal (HCR),93.49535603715171,110.82444548142414,363.44508577554177
Confocal (HCR),94.27950310559007,239.3607027660455,132.30323089544513
Confocal (HCR),93.08064516129032,246.02991158870964,126.75617456451612
Confocal (HCR),94.25547445255475,320.31298659854014,180.75405948540146
Confocal (HCR),98.25490196078431,300.21306112091503,187.04454937581698
Confocal (HCR),94.0,302.03367708823527,183.8794994117647
Confocal (HCR),100.38461538461539,306.3955254065934,187.56484463186814
Confocal (HCR),99.64492753623189,298.83108348188404,184.67702900724635
Confocal (HCR),102.51724137931035,66.82209806896552,305.8886038103448
Confocal (HCR),109.96354166666667,66.6645219921875,306.1935603033854
Confocal (HCR),107.73134328358209,124.42837173134328,348.43135032462686
Confocal (HCR),114.22279792746114,124.98729722279792,347.6206515323834
Confocal (HCR),117.66071774975752,69.06709856741028,290.4056257761397
Confocal (HCR),116.71157894736842,117.10202758631577,344.6333660115789
Confocal (HCR),118.73975518893029,128.5714291116285,350.625164986562
Confocal (HCR),119.00778816199377,123.75328116121494,334.99842857087225
Confocal (HCR),119.07142857142857,125.04399007142857,345.50741215625
Confocal (HCR),118.80263157894737,75.67437607894736,290.68595869736845
Confocal (HCR),127.67473262032085,132.06193791290107,348.8030159605615
Confocal (HCR),125.03957783641161,69.8537946141161,288.528114542876
Confocal (HCR),127.14566929133858,129.89413507086616,345.7878107992126
2P (mCherry),2.7222222222222223,197.78908800000002,109.55751566666667
2P (mCherry),7.08955223880597,287.59434555223885,83.08540047761194
2P (mCherry),13.908333333333333,16.2763937,45.31040045
2P (mCherry),10.5968992248062,43.116736751937985,66.58788337209303
2P (mCherry),4.571428571428571,239.738716,101.280158
2P (mCherry),14.733727810650887,298.1452857633136,75.64924437869823
2P (mCherry),10.306382978723404,330.46614112340427,52.1217437106383
2P (mCherry),8.099476439790577,344.7240616649215,40.96193481675393
2P (mCherry),10.530232558139534,346.7361337674419,35.96880507906977
2P (mCherry),18.667582417582416,117.43548357692309,95.75225423076922
2P (mCherry),14.077922077922079,306.30213472727274,69.73203236363636
2P (mCherry),9.166666666666666,315.9962617,65.7887279
2P (mCherry),14.936040609137056,259.2368681177665,93.9187718923858
2P (mCherry),19.2,276.2949667140496,85.43258334545455
2P (mCherry),13.919540229885058,301.81756306896557,72.77992303448276
2P (mCherry),13.411764705882353,303.5087843529412,71.5429054117647
2P (mCherry),16.967741935483872,309.411237483871,67.01106774193549
2P (mCherry),16.345323741007196,380.8338644892086,261.0398440143885
2P (mCherry),13.609756097560975,382.89898141463414,256.3133303414634
2P (mCherry),17.1,384.56097680000005,253.26545720000001
2P (mCherry),14.25,8.50688265,36.19084875
2P (mCherry),18.09800918836141,190.0433982174579,106.19884703522206
2P (mCherry),19.89189189189189,311.4017567027027,64.68413586486487
2P (mCherry),26.978193146417446,324.8980273130841,51.83795314953271
2P (mCherry),17.948051948051948,365.1989167272728,13.78699
2P (mCherry),17.789473684210527,171.90974186842107,106.17551782894738
2P (mCherry),23.838461538461537,344.95477961538467,32.86141578461539
2P (mCherry),16.666666666666668,11.19612025,40.338564000000005
2P (mCherry),23.28605654048874,36.72039489027312,56.70231521226641
2P (mCherry),17.20754716981132,84.5317564528302,85.48927562264151
2P (mCherry),18.266666666666666,97.92403285,90.07048312500001
2P (mCherry),18.24137931034483,208.32617303448276,105.2698917586207
2P (mCherry),24.821002386634845,76.27184252505967,79.90072943198092
2P (mCherry),22.927152317880793,106.82696189403974,91.59982184105961
2P (mCherry),19.661538461538463,131.18541433846156,98.94459184615384
2P (mCherry),23.91025641025641,219.7517511538462,100.40849134615384
2P (mCherry),30.647058823529413,211.73440513235295,101.3630804117647
2P (mCherry),25.275,360.53404852500006,18.193017675
2P (mCherry),23.607843137254903,379.3891697647059,347.01115729411765
2P (mCherry),27.78723404255319,380.28163748936174,356.1347940425532
2P (mCherry),26.39240506329114,386.0563093037975,384.21425292405064
2P (mCherry),31.801217038539555,388.83572610547674,392.83579767139963
2P (mCherry),32.34894991922456,401.0301571211632,427.6678200387722
2P (mCherry),26.934426229508198,351.5838629754099,25.16093931147541
2P (mCherry),33.68406004288778,380.1939188448892,272.91011804860614
2P (mCherry),26.310344827586206,93.33621294827586,86.84681937931035
2P (mCherry),26.05128205128205,110.98944015384616,91.90452815384616
2P (mCherry),31.113846153846154,190.72833786461538,102.44794107692307
2P (mCherry),27.26530612244898,227.39902800000002,98.6650242857143
2P (mCherry),26.11111111111111,341.21509333333336,35.964938333333336
2P (mCherry),26.0,348.08277000000004,28.387665157894737
2P (mCherry),30.965753424657535,378.12056171917806,297.3966424109589
2P (mCherry),31.97107438016529,392.79421285537194,405.8456364049587
2P (mCherry),32.71862615587847,406.3130092628798,437.8264917622193
2P (mCherry),30.07843137254902,377.46281835294116,288.9782263529412
2P (mCherry),36.10334346504559,390.88736936170216,398.8451290212766
2P (mCherry),34.34798534798535,417.33826453846154,454.06980876923075
2P (mCherry),35.523632993512514,7.241863039851715,19.510218194624652
2P (mCherry),29.055555555555557,61.91752700000001,70.77321533333333
2P (mCherry),31.910669975186103,154.43958099751862,100.56872517617866
2P (mCherry),32.82857142857143,25.281312,45.822378
2P (mCherry),31.166666666666668,250.96388187500003,92.944063625
2P (mCherry),44.715025906735754,378.9114652849741,300.937958238342
2P (mCherry),30.083333333333332,7.482153,449.037617
2P (mCherry),30.11764705882353,7.577832705882353,472.27502823529414
2P (mCherry),30.17391304347826,11.654620173913045,482.5917965217392
2P (mCherry),30.0,11.67292411764706,460.9848229411765
2P (mCherry),30.0,15.289617000000002,448.92918000000003
2P (mCherry),30.083333333333332,15.8860205,472.02626100000003
2P (mCherry),30.0,18.991966,482.730542
2P (mCherry),30.0,19.575235826086956,461.37586173913047
2P (mCherry),30.0,27.702799894736845,460.9143221052632
2P (mCherry),30.0,27.799303636363636,482.2291969090909
2P (mCherry),30.0,31.3925115,448.9059435
2P (mCherry),30.0,31.538045368421052,472.5912748421053
2P (mCherry),30.0,35.824873875,461.1893383125
2P (mCherry),30.0,35.33904757894737,481.83695589473683
2P (mCherry),30.0,39.409104,448.9524165
2P (mCherry),30.0,39.440086,472.56844600000005
2P (mCherry),30.142857142857142,43.731093,461.662782
2P (mCherry),30.14814814814815,43.76035377777777,482.3518731111111
2P (mCherry),30.0,43.880839333333334,406.1688563333334
2P (mCherry),30.0,87.75264225000001,448.92918000000003
2P (mCherry),30.0,159.97646823529413,472.0453969411765
2P (mCherry),30.0,191.32624280000002,472.17807280000005
2P (mCherry),43.3089430894309,386.033075195122,248.02980146341466
2P (mCherry),40.36595744680851,100.13487870638298,83.98837868936171
2P (mCherry),41.101190476190474,148.574181,95.97255412500002
2P (mCherry),43.722772277227726,384.37427190594065,257.8669437178218
2P (mCherry),38.292682926829265,387.659630195122,388.5482846341464
2P (mCherry),39.774193548387096,15.856287774193548,29.15206316129032
2P (mCherry),39.91228070175438,63.45847384210527,68.49794073684211
2P (mCherry),42.148648648648646,166.35701164864867,98.25930833108109
2P (mCherry),38.9,381.55727190000005,362.1362052
2P (mCherry),40.57142857142857,111.99993,87.64807800000001
2P (mCherry),46.26086956521739,379.8288804130435,342.7646423478261
2P (mCherry),41.38461538461539,419.4843638461538,80.29342784615385
2P (mCherry),44.833333333333336,171.425342375,98.29814050000002
2P (mCherry),43.36363636363637,409.4778278181818,441.2695846363637
2P (mCherry),47.6256323777403,179.49048139629005,96.78139396290051
2P (mCherry),45.769820971867006,203.92590113554988,96.31368793350384
2P (mCherry),48.5111821086262,253.03999138658148,85.17535805750799
2P (mCherry),44.76923076923077,275.5133930769231,318.3209841538462
2P (mCherry),50.96174863387978,281.6588857049181,70.77677064480875
2P (mCherry),44.71186440677966,317.84538823728815,50.64926857627119
2P (mCherry),52.030181086519114,390.48774612676056,391.3013509014085
2P (mCherry),47.4,24.571824200000002,35.502273800000005
2P (mCherry),47.723076923076924,165.95865784615384,95.82160624615385
2P (mCherry),50.15451895043732,227.1429522857143,91.365918
2P (mCherry),50.04264392324094,242.23808480597017,87.2735194925373
2P (mCherry),49.530249110320284,262.5433423558719,81.10894651601424
2P (mCherry),53.6793893129771,330.36201201526717,34.47303283969466
2P (mCherry),46.8235294117647,379.4657135294118,335.60613635294123
2P (mCherry),57.8875968992248,381.82685132558146,285.3784443023256
2P (mCherry),47.26086956521739,381.6039469565217,352.86342730434785
2P (mCherry),50.06622516556291,118.80960945695365,86.72231121854304
2P (mCherry),48.10526315789474,391.7086872631579,232.81994621052635
2P (mCherry),47.333333333333336,402.2578952,206.789359
2P (mCherry),56.850467289719624,10.437314607476635,11.527258471962618
2P (mCherry),51.21875,123.29286900000001,87.49849303125
2P (mCherry),54.208,195.301109472,92.39352897600001
2P (mCherry),51.422222222222224,290.98707493333336,65.52486453333333
2P (mCherry),51.567567567567565,381.9414905675676,274.8350418648649
2P (mCherry),60.09090909090909,16.050084272727272,14.43197890909091
2P (mCherry),58.14673913043478,143.35430333152175,87.4768350978261
2P (mCherry),55.16279069767442,21.183041860465117,23.755268372093024
2P (mCherry),54.45161290322581,90.05867748387097,74.59066412903226
2P (mCherry),53.407407407407405,126.55802755555555,87.11105666666667
2P (mCherry),54.333333333333336,130.36838325,87.23756650000001
2P (mCherry),59.709511568123396,162.00571427506426,89.42958282262211
2P (mCherry),53.333333333333336,386.841252,379.312626
2P (mCherry),58.73684210526316,347.5805354736842,13.457602421052634
2P (mCherry),56.7,386.1766881,369.5207649000001
2P (mCherry),61.3509234828496,213.74906882849606,87.85800353034301
2P (mCherry),67.11585365853658,382.87616997256094,295.8703545
2P (mCherry),58.516129032258064,387.015150967742,367.874271483871
2P (mCherry),62.59493670886076,406.70051791139247,428.5663585443038
2P (mCherry),61.540983606557376,239.5995509508197,83.49293468852458
2P (mCherry),68.09066666666666,384.6396297706667,344.3288256426667
2P (mCherry),65.40084388185655,387.4010196118144,263.78009437130805
2P (mCherry),60.903225806451616,400.48232677419355,415.642518967742
2P (mCherry),61.30434782608695,402.87645756521744,420.358387826087
2P (mCherry),64.69444444444444,49.221361583333334,46.645982833333335
2P (mCherry),67.49640287769785,81.53370228776978,62.86225510791367
2P (mCherry),63.49090909090909,85.69283214545456,67.69623330909091
2P (mCherry),69.11482254697286,97.65713973695199,68.21479637160752
2P (mCherry),70.84132055378062,113.22000709904155,74.00253617252396
2P (mCherry),63.822784810126585,125.39709584810127,81.41834293670887
2P (mCherry),63.24355300859599,188.27024578796562,88.1658058624642
2P (mCherry),62.21052631578947,221.75937221052635,86.97788842105263
2P (mCherry),63.07692307692308,223.8515038846154,85.95717576923077
2P (mCherry),63.33980582524272,290.0952946601942,318.7605629708738
2P (mCherry),63.651162790697676,381.6124991162791,317.3900554186047
2P (mCherry),67.64900662251655,391.9889831125828,386.5104011721854
2P (mCherry),75.63150492264417,408.7242177046414,424.4452950042195
2P (mCherry),65.3485342019544,33.419082469055375,31.083624996742675
2P (mCherry),65.19298245614036,46.36537831578947,44.34502578947369
2P (mCherry),73.16990291262135,389.7202092305825,370.81506050970876
2P (mCherry),67.15418502202643,392.84384389427316,244.49056318942732
2P (mCherry),73.40062111801242,43.21989000000001,33.72222319565218
2P (mCherry),79.61748633879782,83.10134252459017,56.629509081967214
2P (mCherry),72.85971223021583,310.44732977697845,40.621748395683454
2P (mCherry),77.16715542521995,393.1435904516129,381.90939005278597
2P (mCherry),77.31598513011153,396.49968894423796,393.23206692936805
2P (mCherry),72.47435897435898,56.18704861538462,45.651977
2P (mCherry),71.05660377358491,141.66373358490566,80.72623154716982
2P (mCherry),71.94193548387096,164.64304527096775,83.15788672258066
2P (mCherry),73.60526315789474,173.46781034210525,82.40213238157895
2P (mCherry),75.23809523809524,199.7577359166667,81.04633016666666
2P (mCherry),74.80086580086581,238.98810663636365,75.17387983636364
2P (mCherry),76.17749825296995,281.83117296855346,55.31378189937107
2P (mCherry),72.78923766816143,329.4977379820628,23.71998591928251
2P (mCherry),71.66666666666667,332.8473715,18.8138195
2P (mCherry),71.91208791208791,337.20808800000003,16.244100923076925
2P (mCherry),70.13333333333334,347.6923968,5.5085996
2P (mCherry),75.79220779220779,20.262228,5.50916290909091
2P (mCherry),73.53846153846153,78.02459215384616,58.026902769230766
2P (mCherry),78.16058394160584,94.26420494890512,62.359981620437964
2P (mCherry),71.83333333333333,267.18876800000004,67.20383075000001
2P (mCherry),74.12765957446808,401.08769846808514,409.32429612765964
2P (mCherry),74.20289855072464,151.0951728695652,80.66769869565218
2P (mCherry),75.83098591549296,188.05724907042256,81.45604166197184
2P (mCherry),77.0961038961039,214.78130672727275,79.61078389090909
2P (mCherry),77.71428571428571,98.04475200000002,63.74767800000001
2P (mCherry),80.09302325581395,108.11421079069767,65.7229091627907
2P (mCherry),82.43137254901961,386.0102054117647,312.30812797058826
2P (mCherry),79.91836734693878,414.97069500000003,434.330019
2P (mCherry),78.69565217391305,434.08274030434785,462.25750169565214
2P (mCherry),84.12,48.640500720000006,24.76267332
2P (mCherry),79.625,139.05610054411764,74.88372180882354
2P (mCherry),83.17647058823529,328.2675029117647,13.615222147058823
2P (mCherry),83.80321285140562,387.2442046385542,304.33301314457833
2P (mCherry),80.7035175879397,385.89404351758793,320.5735563919598
2P (mCherry),77.68,385.45449768000003,329.78727936
2P (mCherry),80.08866995073892,418.93967234482756,439.09933924137937
2P (mCherry),79.36363636363636,121.84375636363637,70.97694545454546
2P (mCherry),85.08610792192881,165.22885567164178,74.84319250057406
2P (mCherry),81.89189189189189,392.11405345945946,363.29325729729726
2P (mCherry),81.39622641509433,394.05596603773586,252.35540479245284
2P (mCherry),81.16129032258064,397.7609078709678,240.83507903225808
2P (mCherry),92.13426573426574,401.3121425678322,391.80881488391606
2P (mCherry),83.12765957446808,151.2903795319149,74.62080619148936
2P (mCherry),82.58064516129032,260.5846049032258,326.7486647419355
2P (mCherry),80.22222222222223,280.87592711111114,269.8153531111111
2P (mCherry),87.5679012345679,390.41657480000003,286.76606430370373
2P (mCherry),88.72558139534884,390.39740919069766,342.11520449302327
2P (mCherry),82.65714285714286,404.00837820000004,223.7489058
2P (mCherry),85.3061224489796,52.965942000000005,32.013258
2P (mCherry),86.0,408.0050562,414.3811518
2P (mCherry),87.1875,57.38689359375,33.888256828125
2P (mCherry),86.0952380952381,65.139655,41.035659
2P (mCherry),87.47679324894514,73.14693329113925,45.54628524050633
2P (mCherry),90.4033264033264,189.9518658212058,72.94676473596674
2P (mCherry),90.18277680140598,258.8995311775044,58.6737551599297
2P (mCherry),91.07692307692308,41.09728934769231,12.952382584615385
2P (mCherry),94.43428571428572,69.11092776,35.02700992
2P (mCherry),93.52548330404218,85.09712684182776,47.98079974165202
2P (mCherry),88.08333333333333,104.68236887500001,60.80604775
2P (mCherry),87.86440677966101,111.87390152542373,63.07725152542373
2P (mCherry),88.98305084745763,121.4788466440678,64.81408144067797
2P (mCherry),87.82608695652173,140.44948826086957,69.67312982608696
2P (mCherry),90.39024390243902,215.09801352439027,71.14392881707317
2P (mCherry),92.93793103448276,253.03811342068965,60.777068896551725
2P (mCherry),110.15657162139362,412.39039337978744,399.8002484420449
2P (mCherry),91.67924528301887,101.6781013301887,56.89566631132075
2P (mCherry),91.93155893536121,169.06029223574146,70.56156390114069
2P (mCherry),93.03238866396761,205.99825181781378,70.6925826923077
2P (mCherry),91.45833333333333,391.172922875,332.58983362500004
2P (mCherry),92.77777777777777,395.87095590000007,369.8894507
2P (mCherry),94.29787234042553,74.76615791489363,40.324720978723406
2P (mCherry),96.1948717948718,140.32081452307693,63.727590769230765
2P (mCherry),90.94736842105263,228.33407873684214,67.664688
2P (mCherry),94.02597402597402,237.25593118181817,63.963747272727275
2P (mCherry),92.85106382978724,247.74855178723405,61.508004287234044
2P (mCherry),97.59863945578232,393.15494100000006,328.422478
2P (mCherry),92.8641975308642,394.4375794074074,269.6225762222222
2P (mCherry),103.03708063566803,397.4055851724544,354.50972057445557
2P (mCherry),95.86046511627907,403.76895218604653,243.2569742790698
2P (mCherry),94.95238095238095,48.703704,16.637334000000003
2P (mCherry),95.52808988764045,133.1508888539326,62.89833357303372
2P (mCherry),95.05882352941177,149.10725364705883,65.67455011764706
2P (mCherry),98.37018633540373,185.7376288173913,66.55256890434784
2P (mCherry),95.88,221.84537172,65.70910416
2P (mCherry),95.53586497890295,257.9839765822785,195.54348126582278
2P (mCherry),99.60569105691057,283.17925829268296,39.748772512195124
2P (mCherry),97.6,317.57440732500004,201.677716275
2P (mCherry),99.91472868217055,399.10363939534886,262.2662325581395
2P (mCherry),96.25945945945946,399.1513216864865,254.6710351783784
2P (mCherry),99.32975871313673,95.60480380697051,48.32743467024129
2P (mCherry),100.03112840466926,107.33870618287939,51.70672777821012
2P (mCherry),95.21739130434783,115.83900391304348,59.857224
2P (mCherry),99.24175824175825,117.63388753846155,56.03213861538462
2P (mCherry),98.23188405797102,280.31435965217395,250.22544947826088
2P (mCherry),102.41245136186771,284.48383659922183,161.0656532451362
2P (mCherry),100.93159609120521,302.25312586319217,158.66275782410423
2P (mCherry),100.0482233502538,392.92036861675126,306.8607471928934
2P (mCherry),102.16326530612245,66.88507971428572,25.287002571428573
2P (mCherry),98.76923076923077,101.48452003846154,50.348133230769236
2P (mCherry),101.09677419354838,143.87561078709678,60.415499651612905
2P (mCherry),101.6225352112676,164.5083981464789,63.343091729577466
2P (mCherry),102.34224598930481,263.4375436524064,46.575141192513364
2P (mCherry),99.61111111111111,275.58058694444446,217.8860786666667
2P (mCherry),107.92347466390899,276.0016571726991,224.6112659007239
2P (mCherry),102.48362720403023,309.8370127858942,135.650589884131
2P (mCherry),103.98976982097187,314.232122056266,15.092433606138107
2P (mCherry),99.18181818181819,331.2553191818182,158.45603072727272
2P (mCherry),104.66981132075472,406.420853009434,246.3033926037736
2P (mCherry),103.72277227722772,418.75255862376235,422.9960956782179
2P (mCherry),106.95929203539824,423.53534576283187,428.59407575575227
2P (mCherry),100.66666666666667,76.1769925,34.55525733333334
2P (mCherry),104.84117647058824,95.91316436470588,43.319943635294116
2P (mCherry),102.86792452830188,206.25126596226417,62.864816264150946
2P (mCherry),101.47619047619048,213.98751033333335,62.707568
2P (mCherry),103.97413793103448,243.95240154310346,202.89871422413796
2P (mCherry),104.00286123032905,279.0014200772532,155.7695178025751
2P (mCherry),107.67441860465117,283.71658423255815,158.82742172093023
2P (mCherry),106.54488517745303,318.291345519833,120.10291959081421
2P (mCherry),105.94227504244482,333.4796751952462,163.48396604414262
2P (mCherry),106.82758620689656,362.2805385862069,161.91700663793105
2P (mCherry),102.4,47.9043684,9.5362596
2P (mCherry),105.60714285714286,71.71945725,27.663053250000004
2P (mCherry),103.2992125984252,126.56903253543307,56.07644418897638
2P (mCherry),103.52631578947368,171.81557289473685,62.351275
2P (mCherry),104.21513944223108,275.2182902390438,160.58958074103586
2P (mCherry),108.6902382782475,293.78608867332827,138.06888969408146
2P (mCherry),107.27245949926362,319.40749169072166,96.16940560824743
2P (mCherry),105.11475409836065,330.18266554918034,88.37259968852459
2P (mCherry),109.9895104895105,76.7642963916084,26.49919708741259
2P (mCherry),103.175,129.32738805000002,315.21009345000004
2P (mCherry),120.07228594291811,137.551278765004,322.76647618991734
2P (mCherry),105.07246376811594,179.77911669565216,62.289984521739136
2P (mCherry),103.73684210526316,231.22763447368422,119.97127247368421
2P (mCherry),106.28571428571429,249.98756160000002,50.655570000000004
2P (mCherry),108.23728813559322,264.7222857288136,41.03145805084746
2P (mCherry),109.31229597388466,280.44002898803046,131.90352196517955
2P (mCherry),106.91021671826626,287.2022767244582,205.7174105758514
2P (mCherry),107.57974683544303,289.6915044303798,150.85535820759495
2P (mCherry),107.36452241715399,299.2328527017544,145.50596650292397
2P (mCherry),106.32758620689656,300.40788206896553,127.43964944827587
2P (mCherry),106.85223367697594,303.59453441237116,196.02726622680416
2P (mCherry),107.24615384615385,308.97538301538464,207.3932696769231
2P (mCherry),108.4888888888889,319.64817888888894,137.1487078888889
2P (mCherry),108.55357142857143,322.5661884375,124.588303875
2P (mCherry),108.74954954954956,327.3355480972973,121.09892472432432
2P (mCherry),110.0912330719886,325.6291230876693,168.9423727398432
2P (mCherry),107.74872665534805,345.2902871205433,148.03694049575552
2P (mCherry),106.671834625323,349.62274351937987,171.81632500775194
2P (mCherry),108.83253588516746,353.0418171100478,146.3199069617225
2P (mCherry),104.0,395.48523000000006,292.72413240000003
2P (mCherry),117.17324561403508,400.4678286184211,320.9678127894737
2P (mCherry),105.11764705882354,396.69762855882357,289.2493188529412
2P (mCherry),106.02209944751381,398.77017785635365,274.7026732707182
2P (mCherry),112.77027027027027,399.75886195945947,284.7130664189189
2P (mCherry),106.3125,133.4385058125,55.750172625000005
2P (mCherry),107.3409090909091,134.58263938636364,54.437838477272734
2P (mCherry),110.51063829787235,141.416844606383,52.51004045744681
2P (mCherry),108.32478632478633,151.12225189743592,56.326070410256406
2P (mCherry),127.201637870768,161.34587387296514,337.5208350919805
2P (mCherry),111.61290322580645,276.52274512258066,232.7379833032258
2P (mCherry),106.71641791044776,281.3551718955224,237.55957159701492
2P (mCherry),107.71428571428571,288.38820150000004,162.7716825
2P (mCherry),109.92415169660678,290.5306439041916,120.90400838323355
2P (mCherry),106.30909090909091,302.10153883636366,187.40870972727274
2P (mCherry),111.51472868217054,318.9137213581395,192.82620390697673
2P (mCherry),112.50326797385621,345.3548352745098,186.82313059803923
2P (mCherry),113.9747572815534,357.95895929126215,169.08781439417479
2P (mCherry),110.91082802547771,379.50325410191084,146.6178749044586
2P (mCherry),109.83561643835617,396.5295992671233,316.7771566438356
2P (mCherry),113.936,400.0891552,338.568073872
2P (mCherry),111.38592750533049,402.2827732835821,367.5653614029851
2P (mCherry),116.23232323232324,406.22581314141416,375.4516116060606
2P (mCherry),117.43142144638404,112.51650269825437,39.71768781047382
2P (mCherry),111.12403100775194,162.1561854418605,348.5366923255814
2P (mCherry),109.60416666666667,195.4780244375,59.545467625
2P (mCherry),111.11111111111111,205.28394082882883,56.98315504504505
2P (mCherry),109.22448979591837,278.930946,171.35259
2P (mCherry),108.33333333333333,283.671192,224.2838616666667
2P (mCherry),111.54857142857144,303.16940388,137.49687672000002
2P (mCherry),110.1006289308176,310.86228124528304,193.76668909433965
2P (mCherry),112.49679897567222,326.0099396389245,131.08575440204868
2P (mCherry),111.77312390924956,341.1723241151833,170.53109195811518
2P (mCherry),112.63684210526316,398.25942350526316,298.3957951578948
2P (mCherry),112.7128712871287,403.64975388118813,371.9947389504951
2P (mCherry),112.48484848484848,413.71672872727277,235.82090127272727
2P (mCherry),114.90102389078498,84.72519593856656,26.779867986348126
2P (mCherry),115.1717791411043,96.51558257668712,35.05874651226994
2P (mCherry),112.56,123.438608328,49.13237095200001
2P (mCherry),119.77840508115737,130.9472049569513,41.296360395201134
2P (mCherry),111.33742331288343,219.66276014723925,54.80392674846626
2P (mCherry),113.51489361702127,259.43483034893615,154.8688005319149
2P (mCherry),110.8529411764706,274.8160352205882,241.97876016176474
2P (mCherry),116.74871794871795,321.1036444,206.7184578846154
2P (mCherry),113.87982832618026,328.99413484120174,105.32257766523605
2P (mCherry),112.96694214876032,336.00593519008265,169.06224473553718
2P (mCherry),119.8141592920354,377.75516360176994,155.2280453097345
2P (mCherry),110.63888888888889,384.49049275000004,144.49230250000002
2P (mCherry),115.94334277620396,69.48200610764873,13.878707252124647
2P (mCherry),114.13333333333334,119.39998070000001,45.5869148
2P (mCherry),114.83582089552239,161.3639667761194,53.86891205970149
2P (mCherry),116.6655737704918,224.63844473114756,48.87771110163935
2P (mCherry),112.98611111111111,261.67203562500003,115.20075787500001
2P (mCherry),113.0909090909091,260.8402745454546,240.33582363636364
2P (mCherry),112.9090909090909,270.57988872727276,34.60126090909091
2P (mCherry),114.37885462555066,399.24401537444936,326.8128763348018
2P (mCherry),117.47107438016529,399.8878746198347,309.03604017768595
2P (mCherry),114.0,435.049244,440.39363900000006
2P (mCherry),115.84615384615384,112.96799833846154,43.52160701538462
2P (mCherry),114.8108108108108,185.5855294054054,55.35562313513514
2P (mCherry),117.58893280632411,238.46882137549406,44.31344438735178
2P (mCherry),117.98511904761905,251.7936185625,38.7129771875
2P (mCherry),119.62711864406779,262.31461674576275,148.71307488135594
2P (mCherry),118.16470588235295,317.99341609411766,121.37927488235295
2P (mCherry),117.11057692307692,328.3733025865385,198.34743428365385
2P (mCherry),118.10847457627119,333.8617169288136,180.0767311118644
2P (mCherry),116.375,400.34940400000005,289.63522700000004
2P (mCherry),116.65066666666667,403.5591392,273.59782844800003
2P (mCherry),119.86446280991736,409.96068612892566,257.6409349586777
2P (mCherry),118.57692307692308,414.85598074038467,240.3579091442308
2P (mCherry),116.1025641025641,417.1487976923077,233.15623261538462
2P (mCherry),116.61744966442953,174.689823704698,54.0496584966443
2P (mCherry),116.13333333333334,232.9660508,195.8155346
2P (mCherry),118.55572998430141,270.5760198461539,142.68845215384616
2P (mCherry),118.05128205128206,265.61226084615384,146.03127376923078
2P (mCherry),118.91428571428571,287.3332644,154.24946376000003
2P (mCherry),118.05076142131979,321.05718712690356,189.70089877157363
2P (mCherry),115.82608695652173,326.668819826087,215.21444243478263
2P (mCherry),126.17470664928292,415.460743220339,249.88465450325947
2P (mCherry),121.68051118210863,110.37500823642173,35.37263442172524
2P (mCherry),126.51547552054024,163.737062964547,43.91204217670231
2P (mCherry),129.68589743589743,178.36843836538463,341.83513053846156
2P (mCherry),120.525,183.65025866250002,51.2893455375
2P (mCherry),125.45527369826435,182.30880140186918,329.25382143925236
2P (mCherry),123.61224489795919,186.15756,330.748341
2P (mCherry),123.48807631160572,315.0841324101749,201.52525121780604
2P (mCherry),121.52577319587628,332.5617462061856,170.1410067216495
2P (mCherry),119.93788819875776,403.1552955652174,342.2595010434783
2P (mCherry),121.46596858638743,405.30344202094244,353.52505838743457
2P (mCherry),127.14208389715832,423.1935142449256,402.09628151691476
2P (mCherry),122.79338842975207,96.103859553719,27.65412352066116
2P (mCherry),125.77333333333333,176.74797252000002,329.9954784
2P (mCherry),126.27586206896552,225.66845550550258,40.155263304475426
2P (mCherry),123.72266666666667,244.46384278400004,36.001084000000006
2P (mCherry),120.625,259.9031570625,34.07632725
2P (mCherry),121.05439330543933,277.75842637656905,142.70127715481172
2P (mCherry),121.95833333333333,292.51332570833335,151.83439104166666
2P (mCherry),121.97687861271676,329.4159359132948,188.85713857803466
2P (mCherry),121.77227722772277,342.0145925346535,255.7073296039604
2P (mCherry),127.06395348837209,445.505849127907,441.68722756395346
2P (mCherry),125.1590909090909,461.77157106818186,451.28029131818187
2P (mCherry),126.06837606837607,87.97577223076924,16.757687153846152
2P (mCherry),130.126582278481,141.0037881265823,302.9921946835443
2P (mCherry),132.1504424778761,173.7458222035398,328.6178486902655
2P (mCherry),123.54545454545455,188.00018427272727,330.3089599090909
2P (mCherry),122.04651162790698,269.7509073488372,152.52294497674418
2P (mCherry),121.0909090909091,268.2337063636364,29.39628490909091
2P (mCherry),122.67924528301887,287.3539580377359,148.42774720754716
2P (mCherry),125.05958132045089,297.6035130241546,216.29566933333336
2P (mCherry),123.80373831775701,329.57348618691594,116.6467956728972
2P (mCherry),124.34188034188034,339.69697533333334,190.3375197948718
2P (mCherry),126.55021834061135,403.97659797379913,312.8383773799127
2P (mCherry),134.36212121212122,413.2736157136364,363.10720924545456
2P (mCherry),125.0,75.7432445,9.78643925
2P (mCherry),128.4,140.88363328421053,296.8822429263158
2P (mCherry),124.64516129032258,163.46702851612903,330.788817483871
2P (mCherry),125.18518518518519,187.36307125925924,344.4039443703704
2P (mCherry),125.73109243697479,196.52611588235294,45.75676905882354
2P (mCherry),124.6842105263158,205.57943036842104,44.80730984210526
2P (mCherry),124.9375,255.2064795,31.6568266875
2P (mCherry),127.0530035335689,404.2592667137809,304.54857144169614
2P (mCherry),128.6825938566553,405.96370191808876,329.8786773174062
2P (mCherry),127.24528301886792,81.41981915094341,9.986433905660379
2P (mCherry),127.98666666666666,92.26253708,15.4414288
2P (mCherry),125.15384615384616,120.84052453846154,34.38287030769231
2P (mCherry),129.23076923076923,141.66876984615385,305.4253224615385
2P (mCherry),129.013698630137,272.6730064109589,147.0361156849315
2P (mCherry),130.1169102296451,406.80717824217123,294.5674126346555
2P (mCherry),130.65960264900662,409.2171089721855,342.6873470304636
2P (mCherry),135.69948186528498,106.09116496165804,19.273918252849743
2P (mCherry),129.91463414634146,108.6380051707317,27.14561606707317
2P (mCherry),129.39473684210526,116.46989881578949,29.69746997368421
2P (mCherry),127.6923076923077,123.20111461538463,31.363316923076923
2P (mCherry),126.63157894736842,142.31500168421053,311.95612736842105
2P (mCherry),131.45185185185184,230.35633366666667,33.33112408888889
2P (mCherry),129.43119266055047,252.996453853211,28.191630330275228
2P (mCherry),129.88819875776397,257.2300755652174,25.608643565217392
2P (mCherry),131.53488372093022,409.024364,281.17209741860466
2P (mCherry),132.10300429184548,411.2433666437769,272.0046739055794
2P (mCherry),127.94736842105263,411.92933415789474,373.9364336842105
2P (mCherry),130.9433962264151,173.1575211509434,41.118082811320754
2P (mCherry),132.34313725490196,201.6322228529412,39.08834917647059
2P (mCherry),133.54444444444445,213.0606321666667,35.31431633333334
2P (mCherry),132.79166666666666,244.76941825,27.382278875
2P (mCherry),136.5627240143369,412.1258953978495,336.44269934408607
2P (mCherry),131.77543859649123,417.11947141052633,383.6729348421053
2P (mCherry),130.63636363636363,421.18902381818185,238.63040536363636
2P (mCherry),132.68852459016392,456.4593297049181,441.5323544754099
2P (mCherry),133.9938176197836,183.25316680989184,39.37117858423493
2P (mCherry),139.33596837944663,200.7301737470356,33.06171267193676
2P (mCherry),132.85714285714286,205.03887600000002,36.71367
2P (mCherry),136.31578947368422,208.63686457894738,34.12585768421053
2P (mCherry),133.76,259.10370528000004,18.191391120000002
2P (mCherry),143.80885395117915,414.4131041505999,327.82142646752175
2P (mCherry),135.92542372881357,409.8190785559322,299.3302299661017
2P (mCherry),141.26666666666668,419.6231239529412,372.08880820588234
2P (mCherry),136.75294117647059,426.4903753764706,395.5628672470589
2P (mCherry),133.05555555555554,429.40148358333334,407.85866625
2P (mCherry),132.91472868217053,433.7883486511628,415.2330126976744
2P (mCherry),135.83783783783784,452.8153276216217,437.62242470270274
2P (mCherry),132.92307692307693,475.13756876923077,453.183246923077
2P (mCherry),139.547703180212,162.49341925441698,31.90691670318021
2P (mCherry),137.25252525252526,250.57490521212122,17.330204181818182
2P (mCherry),153.38052738336714,422.28244789776875,346.26313995212985
2P (mCherry),138.45774647887325,412.85402283802824,279.64375018309863
2P (mCherry),140.35714285714286,412.04440486363643,317.87954481818184
2P (mCherry),136.4102564102564,440.4293874615385,427.75059976923075
2P (mCherry),137.47619047619048,87.2360174,5.3165112
2P (mCherry),141.32467532467533,103.56212312727273,11.377435363636366
2P (mCherry),137.1638418079096,216.0800206101695,31.409971694915257
2P (mCherry),139.45563909774435,225.98792602105263,24.76179277894737
2P (mCherry),139.73076923076923,238.89088165384615,17.516746153846157
2P (mCherry),138.66666666666666,410.6619198550725,305.4057385217391
2P (mCherry),151.95668438669028,418.92972847135263,314.176127760189
2P (mCherry),137.28,421.71366174,383.22937044
2P (mCherry),140.1818181818182,435.4879209545455,408.63497659090916
2P (mCherry),145.7866927592955,157.6294132191781,23.004134999999998
2P (mCherry),140.05263157894737,163.4088517894737,332.24526078947366
2P (mCherry),144.18939393939394,174.47143628409094,30.363592238636368
2P (mCherry),143.8619718309859,244.0629741042254,12.913472146478874
2P (mCherry),142.27306273062732,412.9481028265683,293.85066535793356
2P (mCherry),146.0482456140351,427.03632042105266,382.609966881579
2P (mCherry),149.35969509290138,433.96022448594573,393.2989842105765
2P (mCherry),140.0,464.2462328674699,439.19336645783136
2P (mCherry),142.0983606557377,233.29598370491803,17.76944675409836
2P (mCherry),143.30467289719627,417.83066451588786,268.4746078654206
2P (mCherry),144.35886214442013,421.8479290503283,255.99768995185997
2P (mCherry),143.35338345864662,424.05878715789476,380.8682485263158
2P (mCherry),144.2564679415073,427.2705664251968,242.65785467716537
2P (mCherry),144.46428571428572,476.84396200000003,443.79778625
2P (mCherry),143.52941176470588,162.8085875294118,326.3443408235294
2P (mCherry),144.94117647058823,440.6433174705883,414.9628844117647
2P (mCherry),144.0,441.83333381250003,416.9063784375
2P (mCherry),151.9090909090909,446.5196994832536,418.18495573205746
2P (mCherry),144.93617021276594,445.17772123404256,421.9906605957447
2P (mCherry),149.42222222222222,457.778751374359,428.21715691282054
2P (mCherry),147.55828220858896,181.2820494662577,27.435891515337424
2P (mCherry),146.35218093699515,213.59216032633282,22.876878562197096
2P (mCherry),147.8111111111111,220.87713258333332,17.152926116666666
2P (mCherry),146.23711340206185,226.02742428865983,16.741778474226805
2P (mCherry),148.7842105263158,254.67913324736844,5.9463426473684216
2P (mCherry),147.71428571428572,99.000768,3.372612
2P (mCherry),148.05333333333334,100.03963872,62.112713600000006
2P (mCherry),147.14666666666668,229.73029072,13.52426264
2P (mCherry),147.6086956521739,115.27324565217391,68.40017373913044
2P (mCherry),149.78612716763007,188.10497441618497,23.992156352601157
2P (mCherry),149.22673031026252,195.59964403818614,23.264006692124106
2P (mCherry),153.82986767485824,197.50497896030245,16.43589243289225
2P (mCherry),149.6948717948718,208.89387093076922,19.240894453846153
2P (mCherry),149.90540540540542,229.854201972973,10.431932472972973
2P (mCherry),154.95486111111111,407.84059341666665,80.08750181250001
2P (mCherry),151.20570264765783,424.8362895641548,369.9998532586558
2P (mCherry),154.42151675485007,428.86259759259264,255.7523938148148
2P (mCherry),155.9332443257677,162.56602861682242,14.197284336448599
2P (mCherry),153.9440353460972,180.77613717525773,18.168547484536084
2P (mCherry),152.9268292682927,214.07579643902443,13.086494536585366
2P (mCherry),151.625,227.189069625,7.87862578125
2P (mCherry),153.73333333333332,234.62875146666667,5.5143829066666665
2P (mCherry),152.88372093023256,240.9268396744186,3.3287637209302328
2P (mCherry),152.25,243.0276489375,4.6085725
2P (mCherry),154.76543209876544,251.05441338271606,3.5315655061728397
2P (mCherry),167.54013803123866,428.38176679767525,293.7994362542681
2P (mCherry),154.28318584070797,172.28240251327435,18.084988513274336
2P (mCherry),152.9246231155779,217.19985590954775,10.867676020100504
2P (mCherry),157.60256410256412,221.17394411538461,4.848385096153846
2P (mCherry),152.9913043478261,377.97743650434785,63.15559466086957
2P (mCherry),155.31972789115648,417.3039346666667,72.23232
2P (mCherry),154.672,474.81873062400007,433.8347496
2P (mCherry),156.02898550724638,205.65312782608697,9.910198869565217
2P (mCherry),156.47058823529412,381.4558514117647,68.04740682352941
2P (mCherry),161.4451219512195,382.59152284756095,74.55374350609756
2P (mCherry),155.54651162790697,422.54872751162793,277.8345074302326
2P (mCherry),157.83225806451614,441.86468434838713,398.7641250193548
2P (mCherry),154.66666666666666,120.84219279999999,45.304978600000005
2P (mCherry),160.54704595185996,151.89105154923413,6.904850547045952
2P (mCherry),155.74193548387098,155.67705435483873,63.099840096774194
2P (mCherry),162.4084656084656,167.02258502222222,6.237709333333333
2P (mCherry),159.5310734463277,181.96463766101695,10.218808813559322
2P (mCherry),157.78571428571428,379.637937,72.2887515
2P (mCherry),157.62025316455697,471.52799984810133,429.2622770126582
2P (mCherry),157.044776119403,484.5483068059702,436.91694994029854
2P (mCherry),159.15942028985506,200.60845,9.136995913043478
2P (mCherry),159.0,232.39404562500002,133.13352675000002
2P (mCherry),159.45833333333334,259.362327525,130.78315477499999
2P (mCherry),161.3953488372093,379.75141758139534,77.2575798139535
2P (mCherry),162.6846846846847,445.6780238198198,401.3380368288288
2P (mCherry),158.74285714285713,447.81382800000006,408.4790808
2P (mCherry),163.00537634408602,207.74080622580647,3.5172065645161292
2P (mCherry),163.64303178484107,240.41039666992666,117.51283223471884
2P (mCherry),164.38578680203045,477.71507518781726,426.8311505482234
2P (mCherry),165.37604456824513,195.33611619777162,3.701658593314763
2P (mCherry),166.0380047505938,246.918003391924,139.4989203135392
2P (mCherry),163.14364640883977,335.68320873480667,194.38320764088397
2P (mCherry),164.7058823529412,381.8385702352941,76.73512411764706
2P (mCherry),162.7741935483871,421.30922670967743,3.442000258064516
2P (mCherry),165.13333333333333,433.3436849,364.1298969
2P (mCherry),170.43119266055047,443.4227690366973,61.0092427706422
2P (mCherry),170.639846743295,456.32408483908046,403.310855862069
2P (mCherry),163.1443298969072,475.96017649484537,178.87409789690722
2P (mCherry),165.30941704035874,485.0722532556054,428.08593530044845
2P (mCherry),164.41666666666666,232.02807075,138.82646925
2P (mCherry),172.289156626506,252.06115326506026,129.41988611746987
2P (mCherry),166.51982378854626,254.9521063612335,135.2921157092511
2P (mCherry),169.4321503131524,416.61404847181626,15.939559853862214
2P (mCherry),168.16129032258064,422.00707127419355,68.66685575806453
2P (mCherry),163.95,437.00653185,249.5785992
2P (mCherry),170.04318936877075,442.57102513953487,246.3436460930233
2P (mCherry),164.80263157894737,449.8280656578948,214.46127675000002
2P (mCherry),163.7762237762238,457.82859700699305,200.78740896503498
2P (mCherry),169.12871287128712,462.2250592871287,199.04523938613863
2P (mCherry),164.3859649122807,463.8478283157895,193.32604936842105
2P (mCherry),169.71830985915494,156.13095261971833,411.0556486478873
2P (mCherry),165.07692307692307,185.3021503846154,1.9268420769230772
2P (mCherry),177.40434782608696,257.7566348608696,139.4396097652174
2P (mCherry),167.01123595505618,326.62686471910115,192.64503166292135
2P (mCherry),171.63430420711975,329.5189872718447,215.34640692233012
2P (mCherry),170.8663594470046,397.988775483871,55.75260870967742
2P (mCherry),171.46456692913387,437.0975933149607,358.92817766929136
2P (mCherry),168.42741935483872,438.78682253225804,254.84181636290324
2P (mCherry),169.59366754617415,441.55431954617416,380.27911725593674
2P (mCherry),167.81196581196582,456.00816979487183,48.15714974358975
2P (mCherry),168.24324324324326,158.1890678918919,414.63524606756755
2P (mCherry),172.73737373737373,241.68307121212123,143.7463873787879
2P (mCherry),170.60119047619048,253.27204087500002,117.75483650000001
2P (mCherry),168.04,333.5088372,232.50627792000003
2P (mCherry),171.02369668246445,401.02366629383886,31.865060417061613
2P (mCherry),174.34501347708894,408.3187927924529,24.407970339622644
2P (mCherry),166.0,409.2773836666667,79.050573
2P (mCherry),177.01060070671377,442.0005155035336,263.24442002120145
2P (mCherry),171.06382978723406,451.2132785106383,397.3777687659575
2P (mCherry),170.16058394160584,463.18112614598544,408.82332021897815
2P (mCherry),168.28571428571428,465.44258600000006,412.587294
2P (mCherry),172.7439024390244,479.127562097561,419.107682597561
2P (mCherry),170.46153846153845,314.250426,236.65958184615386
2P (mCherry),173.5194630872483,319.7898828402685,218.3304035194631
2P (mCherry),171.91304347826087,326.33138543478265,226.6508415652174
2P (mCherry),175.39616055846423,335.5443870418848,219.5440482251309
2P (mCherry),172.656,418.984953072,79.38889644
2P (mCherry),172.50704225352112,435.15157187323945,343.4688520140846
2P (mCherry),174.67961165048544,437.96546234951455,271.64416007766994
2P (mCherry),178.0730253353204,437.5355379567809,283.63483085991055
2P (mCherry),173.82142857142858,437.67109575,352.37571337500003
2P (mCherry),176.3894389438944,441.4727942079208,364.6564528613862
2P (mCherry),172.83544303797467,445.4125269113925,387.445401
2P (mCherry),178.7632743362832,473.14973549336287,200.53623863495577
2P (mCherry),172.43478260869566,86.08011939130436,70.8046463478261
2P (mCherry),175.8584474885845,344.34540709589044,187.78168979452053
2P (mCherry),179.5307917888563,441.7246384398827,48.86152140175953
2P (mCherry),178.03221809169764,454.0285407806691,390.4683343197026
2P (mCherry),176.41379310344828,458.89790558620695,52.513421655172415
2P (mCherry),178.04395604395606,466.0741421538462,206.54746107692307
2P (mCherry),179.4812121212121,474.1528091490909,406.03702322909095
2P (mCherry),176.4112676056338,483.81168289014084,417.79279363943664
2P (mCherry),180.36936936936937,401.6609055540541,48.54607260810811
2P (mCherry),177.42176870748298,410.951887,17.210501
2P (mCherry),173.3170731707317,415.1127048292683,31.261593658536587
2P (mCherry),179.51111111111112,419.02741906666665,63.42428493333333
2P (mCherry),173.23076923076923,422.5039172307692,66.26334830769231
2P (mCherry),177.5897435897436,439.51601426923077,348.29547334615387
2P (mCherry),185.40529247910862,449.3364983690808,254.9156025334262
2P (mCherry),176.32,444.08855231999996,379.49480016
2P (mCherry),177.16363636363636,454.08683803636364,223.75482054545458
2P (mCherry),182.4181459566075,465.7927375976332,394.7966596331361
2P (mCherry),177.12367491166077,482.23964698939926,188.56313009893995
2P (mCherry),180.06302521008402,333.6187321764706,210.16867508823532
2P (mCherry),180.31428571428572,407.74480740000007,19.9462116
2P (mCherry),175.86206896551724,408.50087503448276,310.41399972413797
2P (mCherry),174.0,445.2651508421053,56.53562747368421
2P (mCherry),177.6504854368932,446.26352481553397,377.6071120194175
2P (mCherry),180.7891891891892,481.0734236756757,195.61565883243244
2P (mCherry),180.8548387096774,321.0627181774194,209.58948217741937
2P (mCherry),182.39310344827587,323.56105117241384,215.13152958620688
2P (mCherry),181.33333333333334,340.83050344000003,208.10361544000003
2P (mCherry),184.8560606060606,451.7842769204546,243.56798557954548
2P (mCherry),180.59701492537314,448.3465334328358,372.2917348656717
2P (mCherry),179.4,450.85935860000006,231.8599934
2P (mCherry),181.49850746268658,454.8974230029851,72.14524010149253
2P (mCherry),179.26666666666668,487.05562920000006,409.87017260000005
2P (mCherry),182.21527777777777,252.2809396041667,138.040301
2P (mCherry),180.88541666666666,290.9974668125,141.90675778125
2P (mCherry),185.8753709198813,443.577476189911,344.6578340118694
2P (mCherry),180.9433962264151,450.93014954716983,46.78340456603774
2P (mCherry),186.46711409395974,458.4893934684564,231.17254648590605
2P (mCherry),180.8,485.42907420000006,191.75689260000001
2P (mCherry),193.52542372881356,134.28176430508475,415.9459528474576
2P (mCherry),182.44444444444446,268.3020545333334,129.18943208888888
2P (mCherry),182.6637168141593,333.2508914867257,188.21112607964602
2P (mCherry),183.2619926199262,429.8714772841329,64.52201568265683
2P (mCherry),183.41304347826087,438.8339310326087,296.6518080978261
2P (mCherry),183.8181818181818,446.79987163636366,366.1818910909091
2P (mCherry),187.35221238938053,458.6977223469027,380.1797381522124
2P (mCherry),181.83673469387756,454.605525,57.56013000000001
2P (mCherry),182.74418604651163,460.15619218604655,221.3022644651163
2P (mCherry),192.4053691275168,465.83312554630874,228.7552019275168
2P (mCherry),189.40862422997947,470.3836742464066,216.7680122956879
2P (mCherry),185.18666666666667,265.1067776,146.76731076000002
2P (mCherry),182.0,407.77733850000004,34.116991125
2P (mCherry),187.1011235955056,411.1200004044944,35.506416337078655
2P (mCherry),188.126213592233,446.33300871844665,357.1630527669903
2P (mCherry),186.78787878787878,466.502545939394,217.0382984848485
2P (mCherry),191.28355704697987,481.38222719295305,396.44549005872483
2P (mCherry),190.86336633663367,444.8347706613862,290.60772437227723
2P (mCherry),193.0317848410758,447.9079102591687,279.24568978973105
2P (mCherry),190.0,465.0968921052632,382.55595221052636
2P (mCherry),187.5,377.686071,345.032979375
2P (mCherry),195.1918465227818,452.709652676259,268.4884517553957
2P (mCherry),191.98039215686273,450.6705506470588,263.6805121176471
2P (mCherry),192.01612903225808,470.7110251290323,384.519350983871
2P (mCherry),195.27659574468086,67.38782757446809,318.361803319149
2P (mCherry),192.56,445.69233555,296.63483535
2P (mCherry),196.21212121212122,448.8010271818182,316.89563160606065
2P (mCherry),190.52564102564102,452.5993553846154,358.7179373076923
2P (mCherry),192.359649122807,457.5470678947368,362.4963301842106
2P (mCherry),193.37704918032787,455.4354,354.5143284590164
2P (mCherry),194.94392523364485,465.495718682243,370.5748333457944
2P (mCherry),194.50837988826817,477.1712634636871,386.8529351564246
2P (mCherry),199.2565789473684,450.9088686513158,306.70727718750004
2P (mCherry),195.8375,448.93324638750005,299.92047645
2P (mCherry),192.6086956521739,463.5964629130435,375.3806060869565
2P (mCherry),195.6195652173913,467.7689300869565,373.9343865326087
2P (mCherry),194.137339055794,480.81524273819747,211.99666197424895
2P (mCherry),195.34782608695653,479.1265271739131,388.9446603913044
2P (mCherry),194.66086956521738,279.9088995652174,146.60493813913044
2P (mCherry),197.66666666666666,453.15529227027025,317.04341143243244
2P (mCherry),193.5,455.72817990000004,346.84658820000004
2P (mCherry),201.62299239222315,464.12337610650894,257.0556374201184
2P (mCherry),197.04615384615386,459.8896583076923,348.02271258461536
2P (mCherry),199.05847953216374,477.1018735614036,378.89599963157895
2P (mCherry),196.54421768707482,329.20588000000004,184.643868
2P (mCherry),197.64705882352942,453.6366215294118,327.3394097647059
2P (mCherry),202.11627906976744,457.03736754069774,310.0327310581396
2P (mCherry),199.75520833333334,465.786050515625,246.767031109375
2P (mCherry),196.47524752475246,465.16896279207924,239.7896369108911
2P (mCherry),195.34117647058824,480.2738516470588,214.7282231294118
2P (mCherry),200.47540983606558,453.875507090164,295.2650627213115
2P (mCherry),200.2394366197183,461.735436971831,339.85835809859157
2P (mCherry),197.42857142857142,463.7695580000001,355.45648600000004
2P (mCherry),204.02003338898163,475.47379727378967,240.2055149148581
2P (mCherry),205.24471299093656,477.0120697703927,365.856446070997
2P (mCherry),199.82089552238807,483.09654577611946,383.5173920597015
2P (mCherry),199.5,486.35156325,382.97237475000003
2P (mCherry),201.45833333333334,373.53835575,417.26557600000007
2P (mCherry),203.1451612903226,458.2635069193549,287.67461608064514
2P (mCherry),201.02702702702703,460.5172853513514,332.7491920540541
2P (mCherry),204.3210702341137,463.7563984214047,270.9517857658863
2P (mCherry),201.57894736842104,463.75651294736844,336.14043197368426
2P (mCherry),204.464,466.26695505600003,333.243383424
2P (mCherry),201.3798449612403,475.488679627907,372.70553437209304
2P (mCherry),205.60576923076923,484.6132943076923,373.3944681923077
2P (mCherry),204.91666666666666,67.3935955,329.20117737500004
2P (mCherry),202.875,458.85116550000004,279.970779375
2P (mCherry),204.59550561797752,468.9979445561798,346.9916988370787
2P (mCherry),201.9655172413793,468.54879858620694,354.981606724138
2P (mCherry),205.70238095238096,472.3283355,251.169137625
2P (mCherry),207.45911949685535,471.9396477987422,340.74724564779876
2P (mCherry),202.733153638814,483.41740709433964,224.9556254716981
2P (mCherry),208.79775280898878,64.15571541573034,315.67960129213486
2P (mCherry),207.22222222222223,462.6302900701754,297.0774295263158
2P (mCherry),206.43835616438355,464.7490984931507,278.0889146575343
2P (mCherry),204.32,460.77050040000006,283.22876904000003
2P (mCherry),205.744,465.840147024,326.050106592
2P (mCherry),204.0909090909091,477.2903844545455,237.802341
2P (mCherry),206.92041522491348,483.3130893633218,239.91517403460207
2P (mCherry),205.93939393939394,486.9807090909091,242.72143763636365
2P (mCherry),205.77777777777777,135.61854133333335,410.03644266666663
2P (mCherry),208.41772151898735,466.34361315189875,280.78457160759496
2P (mCherry),209.46206896551723,470.8719678310345,270.32895395172415
2P (mCherry),208.50666666666666,464.44000848,310.19054472
2P (mCherry),210.06432748538012,467.7001954210527,285.6002291578948
2P (mCherry),209.69811320754718,468.19823030188684,318.76795233962264
2P (mCherry),210.74224343675417,478.9587238138425,256.628453477327
2P (mCherry),214.90116279069767,69.41607163953489,322.24891564534886
2P (mCherry),214.68044515103338,480.8903392655008,335.2792737901431
2P (mCherry),213.0324254215305,481.15733149416343,350.5755551984436
2P (mCherry),216.4375,122.682910875,400.82381587500004
2P (mCherry),220.8281690140845,141.0429368028169,409.38327519718314
2P (mCherry),215.58004158004158,474.855316952183,304.6013365259875
2P (mCherry),212.8095238095238,474.68038566666667,330.314593
2P (mCherry),213.0,473.9267621052632,325.63631100000003
2P (mCherry),212.74766355140187,484.8167598504673,256.9166424672897
2P (mCherry),211.07142857142858,486.9673305,261.038841
2P (mCherry),215.40350877192984,117.03205905263158,394.92755400000004
2P (mCherry),216.86945500633715,479.2890661520913,319.5057035741445
2P (mCherry),216.4,484.76070796363643,342.0655022909091
2P (mCherry),223.01503759398497,143.4034482631579,392.435133631579
2P (mCherry),220.0,153.07612927659576,400.2155881276596
2P (mCherry),219.13080168776372,480.55023277215196,295.3466998734178
2P (mCherry),218.56170212765957,483.6454009085106,280.2367384212766
2P (mCherry),216.75862068965517,486.9120436551724,298.70280372413794
2P (mCherry),216.8048780487805,486.8001410487805,316.8687828292683
2P (mCherry),218.76923076923077,486.665256,303.0647323846154
2P (mCherry),226.6088379705401,135.6765163797054,398.533128618658
2P (mCherry),220.14814814814815,134.05222911111113,405.8435453333334
2P (mCherry),216.94736842105263,193.47443684210526,115.53676989473684
2P (mCherry),227.4673913043478,72.15362620108695,323.18763852717393
2P (mCherry),220.05,482.55007185,317.35714605
2P (mCherry),220.66666666666666,482.90610666666663,303.5272115555556
2P (mCherry),228.373795761079,64.09441544508671,318.65936159537574
2P (mCherry),227.6120092378753,80.91453741339492,329.6129186743649
2P (mCherry),222.6206896551724,100.98102144827585,407.4464186896552
2P (mCherry),230.62254901960785,129.5519164264706,397.9239234558824
2P (mCherry),221.36363636363637,485.1274221818182,309.5482033636364
2P (mCherry),227.0110701107011,144.6997732915129,402.4949360811808
2P (mCherry),229.8421052631579,71.28496187719298,340.02228633333334
2P (mCherry),230.57875457875457,80.68427769230769,337.7371652307693
2P (mCherry),232.01084010840108,84.09421590243903,324.8666727804878
2P (mCherry),251.4271653543307,59.35324810039371,338.36954707086613
2P (mCherry),235.58381502890174,129.39292035260115,418.68277864161854
2P (mCherry),232.7080291970803,30.48900175182482,267.405642
2P (mCherry),235.08641975308643,55.10206074074074,358.18749192592594
2P (mCherry),237.3015873015873,150.19729355555555,406.10689233333335
2P (mCherry),235.36363636363637,62.10482727272728,307.77377972727277
2P (mCherry),241.5177743431221,60.56214829984544,302.39844625966
2P (mCherry),240.67378410438909,74.75129678291815,326.7148925480427
2P (mCherry),235.2136752136752,116.03037043589744,387.3035987692308
2P (mCherry),259.5339943342776,123.84119773937677,406.45628094050994
2P (mCherry),240.54700854700855,129.5812881880342,394.1286420854701
2P (mCherry),241.49640287769785,136.4377737669065,392.23800435107916
2P (mCherry),237.2688172043011,147.5722630967742,381.4219005483871
2P (mCherry),252.7342995169082,168.52681350724637,364.42061133333334
2P (mCherry),245.55495251017638,52.88400394843962,351.40650382632293
2P (mCherry),242.25775656324583,60.99852989498807,317.7799338902148
2P (mCherry),238.9964664310954,79.70694254416962,320.98884678445233
2P (mCherry),243.42815249266863,85.18664441348974,312.7373959530792
2P (mCherry),238.88095238095238,156.81281116666668,409.70080433333334
2P (mCherry),240.3758865248227,68.40528963829787,359.7270580638298
2P (mCherry),245.2701612903226,70.76038945161291,316.19966852419356
2P (mCherry),243.79885057471265,85.97184496551725,324.4378951896552
2P (mCherry),242.42920353982302,114.84054071681416,396.7800993849558
2P (mCherry),242.38922155688624,141.38756288622756,381.9735531017964
2P (mCherry),243.25440806045341,140.05253117380354,375.9284082921915
2P (mCherry),240.76666666666668,28.3129007,304.7296574
2P (mCherry),246.01061946902655,35.450262424778764,307.79257082123894
2P (mCherry),242.06703910614524,43.482631206703914,287.9965561340782
2P (mCherry),245.01273885350318,55.64268531210191,329.4260805477707
2P (mCherry),242.41009463722398,80.77154002523659,334.0666891230284
2P (mCherry),240.8724832214765,81.74694269798658,345.87327515436243
2P (mCherry),241.5793650793651,91.94683050000002,311.95517616666666
2P (mCherry),244.6981818181818,99.19501306909092,398.01741702545456
2P (mCherry),244.76767676767676,102.10822236363637,278.82438669696967
2P (mCherry),244.71428571428572,106.330224,416.738882
2P (mCherry),246.58802816901408,144.57553935211268,400.32153110915493
2P (mCherry),242.97142857142856,33.7347507,267.4614096
2P (mCherry),250.15753424657535,61.1774073390411,343.48385284931504
2P (mCherry),247.1573033707865,70.06126753932585,351.1287531460674
2P (mCherry),244.55339805825244,78.45364310679612,357.96527600970876
2P (mCherry),244.94302554027504,104.29125536345778,314.93044742239687
2P (mCherry),244.69750889679716,102.98813722419929,293.9607441992883
2P (mCherry),246.4866310160428,103.9081605882353,406.06641139572196
2P (mCherry),245.40444444444444,105.04509064000001,382.41826168
2P (mCherry),251.0057636887608,107.74262820172912,289.0964794841499
2P (mCherry),245.2206896551724,148.67834462068967,363.6034699862069
2P (mCherry),246.23645320197045,181.27354531034482,353.8069615862069
2P (mCherry),243.33333333333334,75.6456512,354.45886559999997
2P (mCherry),249.71743119266054,89.24504376880734,295.5160938055046
2P (mCherry),248.85082872928177,128.64702076243094,420.20835248618783
2P (mCherry),247.83006535947712,154.6417930784314,411.80120168627457
2P (mCherry),251.88581952117863,150.54170917127072,371.2307744530387
2P (mCherry),251.7716049382716,27.902446574074077,277.4019269259259
2P (mCherry),248.0,42.601597043478264,311.3933467826087
2P (mCherry),256.8517350157729,55.97299013564669,353.3595812365931
2P (mCherry),251.77685950413223,82.5416170785124,340.04812600413226
2P (mCherry),253.17224880382776,103.03797884210528,285.0922874210526
2P (mCherry),251.16483516483515,106.469643,276.14256600000004
2P (mCherry),253.31666666666666,125.60528802500001,405.795652325
2P (mCherry),251.77456647398844,136.03829072254337,408.6677128265896
2P (mCherry),252.97883597883597,153.29205111111114,376.92356955555556
2P (mCherry),253.3975903614458,110.2294766746988,271.52363506024096
2P (mCherry),254.44498777506112,135.63639322738385,414.27441161369194
2P (mCherry),248.9655172413793,148.7456503448276,407.10989006896557
2P (mCherry),249.37254901960785,385.05340835294123,175.7699983529412
2P (mCherry),254.17424242424244,69.6239474318182,313.6071974318182
2P (mCherry),254.88079470198676,81.15324542384106,293.2624805562914
2P (mCherry),257.5652173913044,101.16229169565219,292.5512393695652
2P (mCherry),263.2787456445993,108.62893726829269,419.57524631707315
2P (mCherry),255.52777777777777,116.57429320833334,419.32361989583336
2P (mCherry),253.2,148.3092849,453.71125170000005
2P (mCherry),264.37841625788366,168.94287027330066,439.5560285802383
2P (mCherry),258.3333333333333,188.61606564137932,442.2337561310345
2P (mCherry),255.38550724637682,194.30024539130437,439.03783973913045
2P (mCherry),262.13986013986016,152.10677897202797,408.3085281398602
2P (mCherry),258.20725388601034,60.28535350259068,330.8429725492228
2P (mCherry),266.44667503136765,114.95682564617316,413.25599207277287
2P (mCherry),261.4506024096386,165.04477211566265,365.7310877204819
2P (mCherry),259.1842105263158,178.65281110526314,352.83972997368426
2P (mCherry),264.12204234122044,29.729293180572853,300.01776591033627
2P (mCherry),261.7170418006431,127.19555498392285,414.57591999356913
2P (mCherry),263.2995169082126,172.23724476811597,359.28635511594206
2P (mCherry),257.7938144329897,183.42174445360823,422.8036883505155
2P (mCherry),266.64126984126983,136.03783106666668,396.5530762666667
2P (mCherry),265.3709677419355,176.18214125806455,348.93015268548385
2P (mCherry),267.6512261580381,157.0144122506812,442.8289339455041
2P (mCherry),269.88075880758805,184.81543847154472,461.4338174634147
2P (mCherry),271.6119402985075,134.73216326865673,443.2192436417911
2P (mCherry),269.46666666666664,313.7010118666667,253.16424933333332
2P (mCherry),277.8805970149254,107.6536640597015,415.3396054029851
2P (mCherry),277.0,288.35742883783786,393.30979118918924
2P (mCherry),274.89230769230767,328.4339856,195.08650430769234
2P (mCherry),281.96666666666664,253.959454,120.78797430000002
2P (mCherry),281.14285714285717,287.66787000000005,414.027957
2P (mCherry),285.46153846153845,352.41190869230775,160.72865792307692
2P (mCherry),285.7647058823529,355.3544276470588,162.17710147058824
2P (mCherry),291.125,278.31517875000003,433.645372125
2P (mCherry),292.6521739130435,267.03318447826086,396.50696247826085
2P (mCherry),291.53846153846155,278.81655092307693,252.64152738461542
2P (mCherry),305.1666666666667,325.9706584166667,170.29127208333333
2P (mCherry),320.3076923076923,276.1139672307692,211.0918055076923
2P (mCherry),326.4347826086956,245.7088126956522,310.6012852173913
2P (mCherry),328.625,249.29666300000002,371.03075012500005
2P (mCherry),328.9736842105263,276.42874184210524,416.94597221052635
2P (mCherry),333.012987012987,250.4134232727273,393.7023567272728
2P (mCherry),346.90909090909093,70.71078190909091,283.1092911818182
2P (mCherry),344.0,392.77767260869564,112.47274226086958
2P (mCherry),344.0,409.1111136,112.0371084
2P (mCherry),344.0,417.69932400000005,112.77448000000001
2P (mCherry),344.0,466.25199075,112.598269875
2P (mCherry),348.0,78.18945564705882,291.0193934117647
2P (mCherry),355.28,159.7927632,383.42455704
2P (mCherry),355.75384615384615,279.5372399076923,146.2297968923077
2P (mCherry),357.9831081081081,283.63162714864865,153.47755351013515
2P (mCherry),355.56756756756755,294.8372722702703,154.42601091891893
2P (mCherry),357.5183246073298,295.0179034240838,160.54693969633507
2P (mCherry),356.0,175.8681313846154,387.4203770769231
2P (mCherry),356.0,188.68038,385.4212436666667
2P (mCherry),360.875,270.94652711538464,156.40890320192307
2P (mCherry),356.73333333333335,292.04252840000004,156.3227792
2P (mCherry),364.1981424148607,267.1457960619195,161.40864235913315
2P (mCherry),360.3333333333333,278.66140260000003,157.5806484
2P (mCherry),363.20962199312714,276.74240307216496,164.2608147628866
2P (mCherry),359.8285714285714,289.58255760000003,167.9906004
2P (mCherry),361.92,160.67760912,395.23985256000003
2P (mCherry),366.34301521438454,267.30215440663903,166.78420502904564
2P (mCherry),364.69641294838146,279.0103932808399,171.8786218425197
2P (mCherry),367.63344051446944,272.4453474598071,177.74951199356914
2P (mCherry),365.0,276.700242,169.3708485
2P (mCherry),368.7269736842105,261.3852482960526,172.52505050328946
2P (mCherry),368.0,160.70363400000002,386.43693690000003
2P (mCherry),368.0,180.66745642105263,400.13253000000003
2P (mCherry),372.2083333333333,247.67010800000003,172.53343296875002
2P (mCherry),375.2052401746725,249.44108782532751,187.73143786899564
2P (mCherry),372.3578947368421,252.79061728421053,180.28393187368422
2P (mCherry),372.6666666666667,257.3907105,183.7929695
2P (mCherry),374.31063829787234,257.48711725531916,192.57857479148936
2P (mCherry),374.0919540229885,244.61891517241378,177.70206855172415
2P (mCherry),377.82089552238807,248.23117506467665,195.04525425870648
2P (mCherry),380.5936599423631,238.48390035734872,195.8897217579251
2P (mCherry),381.0230826507818,243.5433655800447,201.66762838123606
2P (mCherry),380.25401459854015,261.00580107153286,208.5637682452555
2P (mCherry),382.9,240.73014,201.8229444
2P (mCherry),379.8888888888889,253.59799733333335,204.60254616666668
2P (mCherry),383.10814814814813,233.30148258666668,204.88231362666667
2P (mCherry),385.4700996677741,232.66977641860464,212.41997724418607
2P (mCherry),382.42857142857144,231.621432,199.02062250000003
2P (mCherry),384.3636363636364,242.70889120661158,216.07102849586778
2P (mCherry),383.8007662835249,249.5795963218391,218.05558937931036
2P (mCherry),382.8051948051948,257.07173672727276,215.046062
2P (mCherry),387.668449197861,227.17319549197865,219.829343157754
2P (mCherry),385.77142857142854,246.8583796,224.6938568
2P (mCherry),386.531914893617,242.02446248936172,226.40261297872343
2P (mCherry),388.258064516129,170.90370793548388,235.0284525806452
2P (mCherry),388.13953488372096,203.09997920930235,223.16334600000002
2P (mCherry),387.77777777777777,204.43989066666668,248.87496355555558
2P (mCherry),388.17391304347825,207.72380306086956,220.12522413913044
2P (mCherry),388.44642857142856,209.31439200000003,248.18324737500004
2P (mCherry),388.32,226.80682920000004,225.81788376
2P (mCherry),387.48837209302326,228.686067627907,236.67510055813955
2P (mCherry),389.0833333333333,167.61649275000002,237.47703
2P (mCherry),388.06451612903226,176.4864644516129,231.53748077419357
2P (mCherry),388.31111111111113,179.21021533333334,238.59031653333335
2P (mCherry),388.7241379310345,200.6944517586207,225.30591155172417
2P (mCherry),388.5217391304348,219.74050852173914,225.39809113043478
