dataset,z,y,x,value
BEFORE,0,95,923,0
BEFORE,0,1122,704,0
BEFORE,0,1555,552,0
BEFORE,0,1699,286,0
BEFORE,0,1701,130,0
BEFORE,0,2034,888,0
BEFORE,1,502,1918,0
BEFORE,1,529,1459,0
BEFORE,1,581,1571,0
BEFORE,1,1111,1991,0
BEFORE,1,1793,968,0
BEFORE,1,1807,1619,0
BEFORE,2,264,1936,0
BEFORE,2,511,74,0
BEFORE,2,572,744,0
BEFORE,2,980,836,0
BEFORE,2,1088,824,0
BEFORE,2,1150,1074,0
BEFORE,2,1583,920,0
BEFORE,3,485,363,0
BEFORE,3,872,66,0
BEFORE,3,1478,1527,0
BEFORE,3,1628,905,0
BEFORE,3,2016,1040,0
BEFORE,4,504,1129,0
BEFORE,4,644,1607,0
BEFORE,4,797,1603,0
BEFORE,4,812,594,0
BEFORE,5,421,796,0
BEFORE,5,559,1672,0
BEFORE,5,1135,348,0
BEFORE,5,1490,366,0
BEFORE,6,409,939,0
BEFORE,6,478,1767,0
BEFORE,6,571,1442,0
BEFORE,6,605,1295,0
BEFORE,6,718,1260,0
BEFORE,6,943,2010,0
BEFORE,6,1110,1665,0
BEFORE,6,1323,887,0
BEFORE,6,1383,281,0
BEFORE,6,1428,1802,0
BEFORE,6,1440,330,0
BEFORE,7,624,1925,0
BEFORE,7,755,501,0
BEFORE,7,985,873,0
BEFORE,7,1074,1179,0
BEFORE,7,1385,1878,0
BEFORE,7,1482,1802,0
BEFORE,8,410,1109,0
BEFORE,8,1113,1679,0
BEFORE,8,1504,30,0
BEFORE,9,159,1661,0
BEFORE,9,444,572,0
BEFORE,9,506,510,0
BEFORE,9,942,1141,0
BEFORE,9,1533,1081,0
BEFORE,9,1866,1615,0
BEFORE,10,121,809,0
BEFORE,10,239,867,0
BEFORE,10,497,414,0
BEFORE,10,690,104,0
BEFORE,10,922,2009,0
BEFORE,10,1059,300,0
BEFORE,10,1844,707,0
BEFORE,11,411,1769,0
BEFORE,11,536,1339,0
BEFORE,11,628,498,0
BEFORE,11,823,1612,0
BEFORE,11,872,1087,0
BEFORE,11,880,676,0
BEFORE,11,905,141,0
BEFORE,11,1322,240,0
BEFORE,11,1356,397,0
BEFORE,12,91,1971,0
BEFORE,12,384,596,0
BEFORE,12,596,1773,0
BEFORE,12,946,52,0
BEFORE,12,1239,796,0
BEFORE,12,1482,311,0
BEFORE,12,1507,818,0
BEFORE,12,1710,1518,0
BEFORE,13,45,1624,0
BEFORE,13,178,111,0
BEFORE,13,679,1577,0
BEFORE,13,892,220,0
BEFORE,13,934,1004,0
BEFORE,13,973,1863,0
BEFORE,13,1176,1014,0
BEFORE,13,1237,24,0
BEFORE,13,1607,1436,0
BEFORE,13,1719,292,0
BEFORE,14,136,1244,0
BEFORE,14,303,463,0
BEFORE,14,496,791,0
BEFORE,14,769,200,0
BEFORE,14,1118,376,0
BEFORE,14,1759,1062,0
BEFORE,15,1731,1454,0
BEFORE,15,1919,1507,0
BEFORE,16,541,111,0
BEFORE,16,720,771,0
BEFORE,16,1349,1134,0
BEFORE,17,3,629,0
BEFORE,17,47,1540,0
BEFORE,17,620,1085,0
BEFORE,17,795,2025,0
BEFORE,17,932,110,0
BEFORE,17,1169,1704,0
BEFORE,17,1668,344,0
BEFORE,18,235,1061,0
BEFORE,18,324,930,0
BEFORE,18,480,272,0
BEFORE,18,736,1298,0
BEFORE,18,986,1027,0
BEFORE,18,1442,1952,0
BEFORE,19,540,870,0
BEFORE,19,626,1227,0
BEFORE,19,908,1229,0
BEFORE,19,1344,1590,0
BEFORE,19,1516,1324,0
BEFORE,19,1530,1585,0
BEFORE,20,305,1306,0
BEFORE,20,1056,786,0
BEFORE,20,1787,1039,0
BEFORE,20,1906,1401,0
BEFORE,20,1924,1991,0
BEFORE,20,1965,744,0
BEFORE,21,595,601,0
BEFORE,21,1094,897,0
BEFORE,21,1324,786,0
BEFORE,21,1829,534,0
BEFORE,21,1830,809,0
BEFORE,22,338,1184,0
BEFORE,22,1120,688,0
BEFORE,22,1757,1342,0
BEFORE,22,1961,1226,0
BEFORE,23,118,0,0
BEFORE,23,119,1204,0
BEFORE,23,302,780,0
BEFORE,23,600,1327,0
BEFORE,23,1149,741,0
BEFORE,23,1240,1046,0
BEFORE,24,384,1031,0
BEFORE,24,411,1297,0
BEFORE,24,1153,171,0
BEFORE,25,406,224,0
BEFORE,25,659,1097,0
BEFORE,25,715,359,0
BEFORE,25,1108,1211,0
BEFORE,25,1829,466,0
BEFORE,25,1834,1661,0
BEFORE,25,2044,1939,0
BEFORE,26,769,751,0
BEFORE,26,1041,19,0
BEFORE,26,1189,127,0
BEFORE,27,58,638,0
BEFORE,27,199,1711,0
BEFORE,27,231,0,0
BEFORE,27,340,1565,0
BEFORE,27,386,74,0
BEFORE,27,403,1069,0
BEFORE,27,464,75,0
BEFORE,27,962,1644,0
BEFORE,27,1209,17,0
BEFORE,27,1501,1295,0
BEFORE,27,1522,1480,0
BEFORE,27,1545,1300,0
BEFORE,28,656,320,0
BEFORE,28,656,352,0
BEFORE,28,834,115,0
BEFORE,28,860,1230,0
BEFORE,28,1270,1845,0
BEFORE,28,1433,722,0
BEFORE,29,130,801,0
BEFORE,29,627,524,0
BEFORE,29,1117,1227,0
BEFORE,29,1208,1939,0
BEFORE,29,1274,29,0
BEFORE,29,1426,123,0
BEFORE,29,1498,865,0
BEFORE,29,1541,1077,0
BEFORE,29,2009,750,0
BEFORE,30,152,95,0
BEFORE,30,184,1009,0
BEFORE,30,336,1616,0
BEFORE,30,494,1705,0
BEFORE,30,613,1946,0
BEFORE,30,699,1684,0
BEFORE,30,1170,424,0
BEFORE,30,1484,452,0
BEFORE,30,1575,1832,0
BEFORE,30,1825,464,0
BEFORE,30,1827,62,0
BEFORE,30,1894,198,0
BEFORE,30,1925,1338,0
BEFORE,31,553,1740,0
BEFORE,31,688,436,0
BEFORE,31,936,1955,0
BEFORE,31,1761,1058,0
BEFORE,32,1001,525,0
BEFORE,32,1005,543,0
BEFORE,32,1375,397,0
BEFORE,32,1410,530,38
BEFORE,33,87,1800,0
BEFORE,33,275,1503,0
BEFORE,33,882,1290,0
BEFORE,33,1140,1459,0
BEFORE,33,1321,1619,0
BEFORE,33,1815,223,0
BEFORE,34,983,1156,0
BEFORE,34,1756,1594,0
BEFORE,34,1896,416,0
BEFORE,35,31,197,0
BEFORE,35,129,1042,0
BEFORE,35,220,532,0
BEFORE,35,428,1648,0
BEFORE,35,451,1511,0
BEFORE,35,1061,1809,0
BEFORE,35,1197,1228,0
BEFORE,35,1409,1366,0
BEFORE,35,1675,1997,0
BEFORE,35,1797,448,0
BEFORE,36,16,1880,0
BEFORE,36,36,752,0
BEFORE,36,1762,393,0
BEFORE,37,74,515,0
BEFORE,37,104,1888,0
BEFORE,37,209,676,0
BEFORE,37,941,916,0
BEFORE,38,395,136,0
BEFORE,38,504,1329,0
BEFORE,38,630,369,0
BEFORE,38,1078,288,0
BEFORE,39,29,1406,0
BEFORE,39,856,1253,0
BEFORE,39,950,146,0
BEFORE,39,1319,810,0
BEFORE,39,1805,258,0
BEFORE,40,219,2011,0
BEFORE,40,253,1799,0
BEFORE,40,707,716,0
BEFORE,40,1860,1870,0
BEFORE,40,1896,1211,0
BEFORE,41,56,1614,0
BEFORE,41,512,591,0
BEFORE,41,1083,212,0
BEFORE,41,1390,1644,0
BEFORE,41,1672,1972,0
BEFORE,41,1688,1838,0
BEFORE,41,1811,1978,0
BEFORE,42,2,1389,0
BEFORE,42,18,1813,0
BEFORE,42,334,338,0
BEFORE,42,536,901,0
BEFORE,42,667,1258,0
BEFORE,42,909,1511,0
BEFORE,42,914,1150,0
BEFORE,42,1953,487,0
BEFORE,42,2024,1871,0
BEFORE,43,119,855,0
BEFORE,43,559,759,0
BEFORE,43,845,614,0
BEFORE,43,987,67,0
BEFORE,43,1095,1451,0
BEFORE,43,1999,1488,0
BEFORE,44,601,1396,0
BEFORE,44,741,1914,0
BEFORE,44,919,1802,0
BEFORE,44,1415,1244,0
BEFORE,44,1444,663,0
BEFORE,45,1143,506,0
BEFORE,45,1191,1190,0
BEFORE,45,1202,903,0
BEFORE,45,1414,1318,0
BEFORE,45,1609,1275,0
BEFORE,45,1711,1278,0
BEFORE,45,1779,21,0
BEFORE,45,1897,1049,0
BEFORE,45,1933,705,0
BEFORE,46,609,1990,0
BEFORE,46,675,1727,0
BEFORE,46,932,821,0
BEFORE,46,1079,1792,0
BEFORE,46,1274,663,0
BEFORE,46,2040,233,0
BEFORE,47,771,329,0
BEFORE,47,1461,455,0
BEFORE,47,1787,1179,0
BEFORE,47,1976,618,0
BEFORE,48,171,1907,0
BEFORE,48,179,80,0
BEFORE,48,737,1415,0
BEFORE,48,1221,1591,0
BEFORE,48,1419,1116,0
BEFORE,48,1797,579,0
BEFORE,48,1989,27,0
BEFORE,48,2001,1067,0
BEFORE,48,2008,1270,0
BEFORE,49,106,1807,0
BEFORE,49,434,1420,0
BEFORE,49,599,715,0
BEFORE,49,639,1058,0
BEFORE,49,670,445,0
BEFORE,49,670,491,0
BEFORE,49,1127,1309,0
BEFORE,49,1822,152,0
BEFORE,49,1822,1721,0
BEFORE,49,1954,1260,0
BEFORE,50,107,1922,0
BEFORE,50,366,696,0
BEFORE,50,497,39,0
BEFORE,50,774,1783,0
BEFORE,50,941,234,0
BEFORE,50,1156,792,0
BEFORE,50,1714,1296,0
BEFORE,50,1775,1602,0
BEFORE,51,274,141,0
BEFORE,52,200,1745,0
BEFORE,52,409,1694,0
BEFORE,52,770,793,0
BEFORE,52,1101,223,0
BEFORE,52,1453,1448,0
BEFORE,52,1536,794,0
BEFORE,52,1986,1493,0
BEFORE,53,306,1350,0
BEFORE,53,753,1287,0
BEFORE,54,388,297,0
BEFORE,54,546,1395,0
BEFORE,54,688,91,0
BEFORE,54,959,896,0
BEFORE,54,1382,1671,0
BEFORE,55,162,48,0
BEFORE,55,484,657,0
BEFORE,55,1166,533,0
BEFORE,55,1740,1287,0
BEFORE,55,1946,1530,0
BEFORE,56,199,439,0
BEFORE,56,322,1933,0
BEFORE,56,486,264,0
BEFORE,56,817,262,0
BEFORE,56,1192,252,0
BEFORE,56,1212,851,0
BEFORE,56,1272,990,0
BEFORE,56,1323,788,0
BEFORE,56,1882,1786,0
BEFORE,57,342,1374,0
BEFORE,57,527,1231,0
BEFORE,57,893,1806,0
BEFORE,57,1794,1004,0
BEFORE,58,388,179,0
BEFORE,58,934,1646,0
BEFORE,58,1327,1470,0
BEFORE,58,1691,1466,0
BEFORE,59,39,1348,0
BEFORE,59,371,374,0
BEFORE,59,516,1441,0
BEFORE,59,696,162,0
BEFORE,59,962,869,0
BEFORE,59,1011,931,0
BEFORE,60,62,1795,0
BEFORE,60,307,1611,0
BEFORE,60,579,77,0
BEFORE,60,1243,1919,0
BEFORE,60,1332,479,0
BEFORE,60,1359,1459,0
BEFORE,60,1435,736,0
BEFORE,60,1453,338,0
BEFORE,61,190,1080,0
BEFORE,61,202,1181,0
BEFORE,61,263,1100,0
BEFORE,61,352,1523,0
BEFORE,61,489,1628,0
BEFORE,61,1016,1774,0
BEFORE,61,1519,1253,0
BEFORE,62,268,1638,0
BEFORE,62,338,2036,0
BEFORE,62,1027,1706,0
BEFORE,62,1444,1557,0
BEFORE,63,18,1013,0
BEFORE,63,157,836,0
BEFORE,63,159,1673,0
BEFORE,63,329,1206,0
BEFORE,63,440,1293,0
BEFORE,63,535,1279,0
BEFORE,63,1070,1154,0
BEFORE,63,1759,1967,0
BEFORE,63,1764,1885,0
BEFORE,63,2045,1357,0
BEFORE,64,334,229,0
BEFORE,64,473,360,0
BEFORE,64,525,1246,0
BEFORE,64,787,738,0
BEFORE,64,1442,1276,0
BEFORE,64,1610,545,0
BEFORE,65,30,1765,0
BEFORE,65,281,810,0
BEFORE,65,1057,1295,0
BEFORE,65,1143,1968,0
BEFORE,65,1391,241,0
BEFORE,65,1508,533,0
BEFORE,65,1864,811,0
BEFORE,66,15,1532,0
BEFORE,66,196,1216,0
BEFORE,66,290,605,0
BEFORE,66,354,872,0
BEFORE,66,704,171,0
BEFORE,66,1259,675,0
BEFORE,66,1425,1773,0
BEFORE,66,1677,198,0
BEFORE,67,2,379,0
BEFORE,67,518,861,0
BEFORE,67,808,442,0
BEFORE,68,164,1515,0
BEFORE,68,314,369,0
BEFORE,68,408,1773,0
BEFORE,68,529,282,0
BEFORE,68,1283,32,0
BEFORE,68,1283,581,0
BEFORE,69,570,1592,0
BEFORE,69,619,1452,0
BEFORE,69,1376,1731,0
BEFORE,69,1643,1088,0
BEFORE,69,1945,1791,0
BEFORE,70,150,2034,0
BEFORE,70,263,863,0
BEFORE,70,798,1213,0
BEFORE,70,942,1925,0
BEFORE,70,964,1436,0
BEFORE,71,727,135,0
BEFORE,71,906,1507,0
BEFORE,71,1524,1456,0
BEFORE,72,397,1955,0
BEFORE,72,719,1421,0
BEFORE,73,422,1802,0
BEFORE,73,1029,804,0
BEFORE,73,1231,1158,0
BEFORE,73,1579,1836,0
BEFORE,73,1644,29,0
BEFORE,73,1650,680,0
BEFORE,73,1777,398,0
BEFORE,73,1784,306,0
BEFORE,74,284,1827,0
BEFORE,74,815,359,0
BEFORE,74,1155,1849,0
BEFORE,74,1219,413,0
BEFORE,74,1774,351,0
BEFORE,75,199,504,0
BEFORE,75,204,648,0
BEFORE,75,527,369,0
BEFORE,75,528,302,0
BEFORE,75,623,727,0
BEFORE,75,703,1350,0
BEFORE,75,841,4,0
BEFORE,75,1489,1189,0
BEFORE,75,1579,309,0
BEFORE,75,1580,475,0
BEFORE,76,384,1251,0
BEFORE,76,477,126,0
BEFORE,76,1330,1217,0
BEFORE,76,1444,1051,0
BEFORE,76,1983,1180,0
BEFORE,77,205,1339,0
BEFORE,77,557,1232,0
BEFORE,77,990,1467,0
BEFORE,77,1015,454,0
BEFORE,77,1102,1468,0
BEFORE,77,1321,1497,0
BEFORE,77,1554,1586,0
BEFORE,77,1746,277,0
BEFORE,77,1830,1507,0
BEFORE,78,127,211,0
BEFORE,78,143,205,0
BEFORE,78,151,982,0
BEFORE,78,157,653,0
BEFORE,78,335,838,0
BEFORE,78,378,863,0
BEFORE,78,871,1877,0
BEFORE,78,1203,13,0
BEFORE,78,1347,184,0
BEFORE,78,1535,1834,0
BEFORE,78,1736,1221,0
BEFORE,78,1880,1721,0
BEFORE,79,90,651,0
BEFORE,79,122,659,0
BEFORE,79,326,1026,0
BEFORE,79,462,1874,0
BEFORE,79,784,1251,0
BEFORE,79,792,630,0
BEFORE,79,949,112,0
BEFORE,79,977,1908,0
BEFORE,80,233,648,0
BEFORE,80,1175,1499,0
BEFORE,80,1236,1567,0
BEFORE,80,1777,174,0
BEFORE,81,7,135,0
BEFORE,81,270,1953,0
BEFORE,81,880,483,0
BEFORE,81,963,1755,0
BEFORE,81,1092,686,0
BEFORE,81,1367,1567,0
BEFORE,81,1663,357,0
BEFORE,81,1809,1879,0
BEFORE,82,13,1681,0
BEFORE,82,88,1296,0
BEFORE,82,555,1806,0
BEFORE,82,693,403,0
BEFORE,83,131,1428,0
BEFORE,83,409,782,0
BEFORE,83,1881,100,0
BEFORE,83,1897,397,0
BEFORE,84,517,1765,0
BEFORE,84,536,115,0
BEFORE,84,1210,1018,0
BEFORE,84,1641,1978,0
BEFORE,84,1688,972,0
BEFORE,84,1725,153,0
BEFORE,85,843,1405,0
BEFORE,85,1340,1631,0
BEFORE,85,1584,1695,0
BEFORE,85,1810,579,0
BEFORE,85,1881,949,0
BEFORE,86,20,1213,0
BEFORE,86,54,1675,0
BEFORE,86,591,609,0
BEFORE,86,615,1276,0
BEFORE,86,633,1543,0
BEFORE,86,923,592,0
BEFORE,86,1092,79,0
BEFORE,86,1153,47,0
BEFORE,86,1611,1895,0
BEFORE,86,1789,570,0
BEFORE,87,34,1801,0
BEFORE,87,298,1358,0
BEFORE,87,394,1451,0
BEFORE,87,673,1247,0
BEFORE,87,991,187,0
BEFORE,87,1423,496,0
BEFORE,88,142,1981,0
BEFORE,88,407,907,0
BEFORE,88,746,1169,0
BEFORE,88,934,95,0
BEFORE,88,1159,1309,0
BEFORE,88,1202,350,0
BEFORE,88,1874,1643,0
BEFORE,88,2045,2006,0
BEFORE,89,58,952,0
BEFORE,89,68,1925,0
BEFORE,89,115,396,0
BEFORE,89,485,353,0
BEFORE,89,861,1080,0
BEFORE,89,953,1337,0
BEFORE,89,1051,472,0
BEFORE,89,1109,138,0
BEFORE,89,1314,1572,0
BEFORE,89,1406,2041,0
BEFORE,89,1448,1922,0
BEFORE,89,1494,1726,0
BEFORE,89,1644,1797,0
BEFORE,89,1691,918,0
BEFORE,89,1722,8,0
BEFORE,89,1833,1311,0
BEFORE,89,1948,946,0
BEFORE,90,237,362,0
BEFORE,90,848,2021,0
BEFORE,90,1277,1611,0
BEFORE,90,1376,1648,0
BEFORE,90,1493,130,0
BEFORE,90,1528,693,0
BEFORE,90,1534,1188,0
BEFORE,90,1738,1407,0
BEFORE,90,1819,1786,0
BEFORE,91,365,701,0
BEFORE,91,407,530,0
BEFORE,91,880,324,0
BEFORE,91,908,2023,0
BEFORE,91,1113,1598,0
BEFORE,91,1338,119,0
BEFORE,91,1525,1205,0
BEFORE,91,1989,603,0
BEFORE,92,82,1036,0
BEFORE,92,119,170,0
BEFORE,92,238,683,0
BEFORE,92,262,554,0
BEFORE,92,1431,977,137
BEFORE,92,2011,1368,0
BEFORE,93,710,1270,0
BEFORE,93,904,397,0
BEFORE,93,1192,822,0
BEFORE,93,1228,744,0
BEFORE,93,1382,543,0
BEFORE,94,6,660,0
BEFORE,94,58,345,0
BEFORE,94,76,868,0
BEFORE,94,1069,1767,0
BEFORE,94,1164,69,0
BEFORE,94,1544,1798,0
BEFORE,94,1851,1110,0
BEFORE,95,71,757,0
BEFORE,95,398,148,0
BEFORE,95,412,82,0
BEFORE,95,466,828,0
BEFORE,95,785,1706,0
BEFORE,95,787,1153,0
BEFORE,95,1307,1030,0
BEFORE,96,272,610,0
BEFORE,96,753,96,0
BEFORE,96,1211,1227,0
BEFORE,96,1216,510,0
BEFORE,96,1443,1363,0
BEFORE,96,1773,395,0
BEFORE,97,209,244,0
BEFORE,97,816,250,0
BEFORE,97,1047,1688,0
BEFORE,97,1294,383,0
BEFORE,97,1489,273,0
BEFORE,97,1800,1710,0
BEFORE,97,1804,1217,0
BEFORE,98,3,1512,0
BEFORE,98,574,2032,0
BEFORE,98,684,109,0
BEFORE,98,793,1284,0
BEFORE,98,1061,338,0
BEFORE,98,1277,1709,0
BEFORE,98,1350,766,0
BEFORE,98,1476,583,0
BEFORE,98,1492,1653,0
BEFORE,98,1638,1801,0
BEFORE,98,1668,1045,0
BEFORE,98,2013,595,0
BEFORE,99,519,77,0
BEFORE,99,1417,228,0
BEFORE,99,1585,1106,0
BEFORE,100,280,850,0
BEFORE,100,643,1099,0
BEFORE,100,741,1757,0
BEFORE,100,948,437,0
BEFORE,100,1134,1815,0
BEFORE,100,1350,454,0
BEFORE,100,1681,1007,0
BEFORE,101,233,1299,0
BEFORE,101,317,1518,0
BEFORE,101,741,688,0
BEFORE,101,1039,1928,0
BEFORE,101,1113,931,0
BEFORE,102,413,1560,0
BEFORE,103,234,1594,0
BEFORE,103,797,1928,0
BEFORE,103,1070,1212,0
BEFORE,103,1182,358,0
BEFORE,103,1328,1455,0
BEFORE,103,1938,1435,0
BEFORE,103,2018,1494,0
BEFORE,104,56,906,0
BEFORE,104,58,83,0
BEFORE,104,93,1090,0
BEFORE,104,296,1542,0
BEFORE,104,325,1567,0
BEFORE,104,494,1325,0
BEFORE,104,538,857,0
BEFORE,104,562,169,0
BEFORE,104,877,1538,0
BEFORE,104,1215,1947,0
BEFORE,104,1523,1185,0
BEFORE,105,120,790,0
BEFORE,105,855,494,0
BEFORE,105,940,1098,0
BEFORE,105,1036,1989,0
BEFORE,106,56,1682,0
BEFORE,106,1002,583,0
BEFORE,106,1452,435,0
BEFORE,107,301,251,0
BEFORE,107,541,454,0
BEFORE,107,701,150,0
BEFORE,107,766,757,0
BEFORE,107,1162,782,0
BEFORE,107,1405,501,0
BEFORE,107,1580,1296,0
BEFORE,107,1648,1090,0
BEFORE,107,1710,1115,0
BEFORE,107,1851,266,0
BEFORE,107,1870,825,0
BEFORE,108,1432,299,0
BEFORE,108,1521,1560,0
BEFORE,108,1865,1284,0
BEFORE,109,177,1192,0
BEFORE,109,245,1575,0
BEFORE,109,671,1336,0
BEFORE,109,1648,547,0
BEFORE,109,1893,1724,0
BEFORE,110,174,1936,0
BEFORE,110,193,1047,0
BEFORE,110,286,393,0
BEFORE,110,381,1030,0
BEFORE,110,464,1849,0
BEFORE,110,574,454,0
BEFORE,110,616,1585,0
BEFORE,110,1052,1162,0
BEFORE,110,1426,1245,0
BEFORE,110,1568,566,0
BEFORE,110,1568,810,0
BEFORE,110,1980,1718,0
BEFORE,111,121,1789,0
BEFORE,111,197,420,0
BEFORE,111,352,1947,0
BEFORE,111,854,901,0
BEFORE,111,980,1732,0
BEFORE,111,1700,1900,0
BEFORE,111,1983,1484,0
BEFORE,112,214,1387,0
BEFORE,112,890,423,0
BEFORE,112,1008,836,0
BEFORE,112,1047,829,0
BEFORE,112,1124,1018,0
BEFORE,112,1152,1027,0
BEFORE,112,1415,1594,0
BEFORE,112,2042,535,0
BEFORE,113,147,77,0
BEFORE,113,197,979,0
BEFORE,113,531,634,0
BEFORE,113,943,1558,0
BEFORE,113,1223,578,0
BEFORE,113,1730,333,0
BEFORE,113,1876,887,0
BEFORE,114,342,1958,0
BEFORE,114,440,1431,0
BEFORE,114,1335,1868,0
BEFORE,114,1916,117,0
BEFORE,114,1960,282,0
BEFORE,115,559,1036,0
BEFORE,115,776,69,0
BEFORE,115,790,163,0
BEFORE,115,1247,1103,0
BEFORE,115,1996,436,0
BEFORE,115,2003,1554,0
BEFORE,116,116,1845,0
BEFORE,116,287,1278,0
BEFORE,116,1101,143,0
BEFORE,116,1480,61,0
BEFORE,116,1526,1652,0
BEFORE,116,1605,1823,0
BEFORE,117,875,726,0
BEFORE,117,917,265,0
BEFORE,117,987,1380,0
BEFORE,117,1078,810,0
BEFORE,117,1080,152,0
BEFORE,117,1792,1605,0
BEFORE,117,1847,762,0
BEFORE,118,66,24,0
BEFORE,118,287,1749,0
BEFORE,118,765,656,0
BEFORE,118,855,1748,0
BEFORE,118,877,487,0
BEFORE,118,1142,601,0
BEFORE,118,1468,1036,0
BEFORE,118,1815,388,0
BEFORE,119,1387,38,0
BEFORE,119,1557,1066,0
BEFORE,119,1753,130,0
BEFORE,119,1845,1366,0
BEFORE,120,475,298,0
BEFORE,120,583,974,0
BEFORE,120,760,1903,0
BEFORE,120,1063,1065,0
BEFORE,120,1287,52,0
BEFORE,120,1666,213,0
BEFORE,120,1802,1234,0
BEFORE,120,1825,1354,0
BEFORE,121,172,1860,0
BEFORE,121,173,625,0
BEFORE,121,293,261,0
BEFORE,121,297,984,0
BEFORE,121,479,194,0
BEFORE,121,1516,1450,0
BEFORE,121,1555,1623,0
BEFORE,121,1631,1000,0
BEFORE,122,0,282,0
BEFORE,122,425,1849,0
BEFORE,122,554,1939,0
BEFORE,122,682,1215,0
BEFORE,122,815,551,0
BEFORE,122,874,676,0
BEFORE,122,1457,742,0
BEFORE,123,836,974,0
BEFORE,123,880,1697,0
BEFORE,123,1130,1130,0
BEFORE,123,1572,103,0
BEFORE,123,1792,1420,0
BEFORE,124,290,1815,0
BEFORE,124,335,1793,0
BEFORE,124,596,1337,0
BEFORE,124,610,1562,0
BEFORE,124,626,2026,0
BEFORE,124,1149,464,0
BEFORE,124,1583,799,0
BEFORE,125,534,1449,0
BEFORE,125,1034,590,0
BEFORE,125,1867,981,0
BEFORE,126,108,62,0
BEFORE,126,116,228,0
BEFORE,126,200,68,0
BEFORE,126,444,1943,0
BEFORE,126,827,1159,0
BEFORE,126,1626,1569,0
BEFORE,126,1656,42,0
BEFORE,126,1983,201,0
BEFORE,127,482,1434,0
BEFORE,127,554,1564,0
BEFORE,127,594,247,0
BEFORE,127,773,1056,0
BEFORE,127,883,206,0
BEFORE,127,958,41,0
BEFORE,127,1063,1203,0
BEFORE,127,1404,1989,0
BEFORE,127,1475,34,0
BEFORE,127,1948,1287,0
BEFORE,128,47,1395,0
BEFORE,128,497,1130,0
BEFORE,128,1268,1396,0
BEFORE,128,1531,1295,0
BEFORE,128,1551,990,0
BEFORE,129,122,386,0
BEFORE,129,267,923,0
BEFORE,129,331,1460,0
BEFORE,129,855,1484,0
BEFORE,129,866,888,0
BEFORE,129,1463,659,0
BEFORE,129,1520,226,0
BEFORE,130,50,1990,0
BEFORE,130,508,124,0
BEFORE,130,604,1078,0
BEFORE,130,782,1282,0
BEFORE,130,827,892,0
BEFORE,130,1366,1133,0
BEFORE,130,1612,1375,0
BEFORE,130,1714,1050,0
BEFORE,131,100,1980,0
BEFORE,131,448,905,0
BEFORE,131,993,520,0
BEFORE,131,1733,1514,0
BEFORE,132,83,573,0
BEFORE,132,139,754,0
BEFORE,132,204,1287,0
BEFORE,132,1053,1892,0
BEFORE,133,106,1956,0
BEFORE,133,226,1155,0
BEFORE,133,587,1556,0
BEFORE,133,627,19,0
BEFORE,133,722,777,0
BEFORE,133,836,1583,0
BEFORE,133,1550,1375,0
BEFORE,133,1604,1199,0
BEFORE,133,1623,222,0
BEFORE,133,1769,1149,0
BEFORE,133,1816,208,0
BEFORE,134,82,1887,0
BEFORE,134,445,682,0
BEFORE,134,1242,1595,0
BEFORE,134,1376,1755,0
BEFORE,135,93,1165,0
BEFORE,135,581,877,0
BEFORE,135,737,664,0
BEFORE,135,810,1569,0
BEFORE,135,1329,338,0
BEFORE,135,1352,859,0
BEFORE,135,1750,1572,0
BEFORE,136,34,1122,0
BEFORE,136,355,1728,0
BEFORE,136,850,112,0
BEFORE,136,1233,1743,0
BEFORE,136,1467,1972,0
BEFORE,136,1707,503,0
BEFORE,136,1904,564,0
BEFORE,136,1944,1301,0
BEFORE,137,89,398,0
BEFORE,137,161,105,0
BEFORE,137,897,146,0
BEFORE,137,1347,1937,0
BEFORE,137,1466,258,0
BEFORE,137,1782,1257,0
BEFORE,137,1924,1612,0
BEFORE,137,2032,597,0
BEFORE,138,23,345,0
BEFORE,138,749,1995,0
BEFORE,138,969,807,0
BEFORE,138,1398,1112,0
BEFORE,138,1482,685,0
BEFORE,139,8,787,0
BEFORE,139,293,734,0
BEFORE,139,650,892,0
BEFORE,139,688,1449,0
BEFORE,139,1006,1623,0
BEFORE,139,1375,1228,0
BEFORE,139,1682,535,0
BEFORE,139,1816,948,0
BEFORE,140,1034,841,0
BEFORE,141,89,93,0
BEFORE,141,183,609,0
BEFORE,141,474,300,0
BEFORE,141,691,1820,0
BEFORE,141,934,899,0
BEFORE,141,976,1413,0
BEFORE,141,1046,767,0
BEFORE,141,1273,1539,0
BEFORE,141,1320,846,0
BEFORE,141,1792,351,0
BEFORE,142,426,1981,0
BEFORE,142,1025,1823,0
BEFORE,142,1377,601,0
BEFORE,143,301,100,0
BEFORE,143,369,1154,0
BEFORE,143,598,1950,0
BEFORE,143,751,498,0
BEFORE,143,844,1892,0
BEFORE,143,994,1085,0
BEFORE,143,1302,2033,0
BEFORE,143,1451,1122,0
BEFORE,143,1529,667,0
BEFORE,143,1537,152,0
BEFORE,143,1827,1012,0
BEFORE,144,22,997,0
BEFORE,144,218,646,0
BEFORE,144,629,1580,0
BEFORE,144,718,1825,0
BEFORE,144,960,1320,0
BEFORE,144,1503,805,0
BEFORE,144,1590,717,0
BEFORE,144,1667,1498,0
BEFORE,144,1916,1930,0
BEFORE,145,343,944,0
BEFORE,145,768,974,0
BEFORE,145,1723,314,0
BEFORE,145,1975,333,0
BEFORE,146,55,2013,0
BEFORE,146,552,1817,0
BEFORE,146,591,2038,0
BEFORE,146,833,397,0
BEFORE,146,980,993,0
BEFORE,146,1071,1805,0
BEFORE,146,1456,860,0
BEFORE,147,176,582,0
BEFORE,147,589,950,0
BEFORE,147,658,1637,0
BEFORE,147,819,1962,0
BEFORE,147,1968,1645,0
BEFORE,148,752,848,0
BEFORE,148,1133,699,0
BEFORE,148,1345,524,0
BEFORE,148,1849,875,0
BEFORE,148,1969,1060,0
BEFORE,149,219,575,0
BEFORE,149,323,1522,0
BEFORE,149,359,601,0
BEFORE,149,548,1092,0
BEFORE,149,1435,1159,0
BEFORE,149,1514,779,0
BEFORE,150,58,198,0
BEFORE,150,522,1751,0
BEFORE,150,819,69,0
BEFORE,150,952,285,0
BEFORE,150,1024,1920,0
BEFORE,150,1234,1206,0
BEFORE,150,1299,2001,0
BEFORE,150,1550,1845,0
BEFORE,150,1981,770,0
BEFORE,151,425,66,0
BEFORE,151,719,1771,0
BEFORE,151,1292,743,0
BEFORE,151,1386,1806,0
BEFORE,151,1657,1428,0
BEFORE,151,1744,303,0
BEFORE,151,2004,681,0
BEFORE,152,59,1875,0
BEFORE,152,75,2023,0
BEFORE,152,93,581,0
BEFORE,152,174,323,0
BEFORE,152,375,704,0
BEFORE,152,411,1184,0
BEFORE,152,818,1869,0
BEFORE,152,853,1335,0
BEFORE,152,970,1319,0
BEFORE,152,1294,839,0
BEFORE,152,1509,158,0
BEFORE,152,1626,1367,0
BEFORE,152,1957,535,0
BEFORE,153,507,359,0
BEFORE,153,514,335,0
BEFORE,153,1157,1797,0
BEFORE,153,1563,1389,0
BEFORE,153,1891,968,0
BEFORE,154,151,1222,0
BEFORE,154,274,1494,0
BEFORE,154,434,469,0
BEFORE,154,491,38,0
BEFORE,154,922,1604,0
BEFORE,154,982,725,0
BEFORE,154,1027,997,0
BEFORE,154,1098,1502,0
BEFORE,154,1434,485,0
BEFORE,154,1889,1419,0
