fish_id,plane_idx,plane,method,selected,status,best_z,scale,bestz_max_score,bestz_second_best,bestz_peak_delta,bestz_peak_zscore,bestz_z_count,post_ncc,valid_fraction,ncc_xy_score,ncc_xy_x0,ncc_xy_y0,ref_shape,ref_scaled_shape,transformlist,error
L395_f11,0,L395_f11_plane0_mcorrected_flipX,ncc_xy,True,ok,124,1.0365000000000002,0.8539106845855713,0.8366016149520874,0.0173090696334838,4.803831906153091,216,0.7685716152191162,0.501264,0.8539106845855713,123.0,130.0,"(512, 512)","(531, 531)",,
L395_f11,0,L395_f11_plane0_mcorrected_flipX,ants_rigid_affine,False,ok,124,1.0365000000000002,0.8539106845855713,0.8366016149520874,0.0173090696334838,4.803831906153091,216,0.8682432770729065,0.5034186666666667,,,,"(512, 512)","(531, 531)",/Users/ddharmap/dataProcessing/2p_HCR/analysis/midThesis/L395_f11/03_analysis/functional/ncc/inplane_registration_comparison/transforms/L395_f11_plane0_mcorrected_flipX_ants_rigid_affine_0.mat,
L395_f11,1,L395_f11_plane1_mcorrected_flipX,ncc_xy,True,ok,122,1.0365000000000002,0.8517797589302063,0.8308824896812439,0.0208972692489624,5.030509531574194,216,0.7768489718437195,0.501264,0.8517797589302063,119.0,123.0,"(512, 512)","(531, 531)",,
L395_f11,1,L395_f11_plane1_mcorrected_flipX,ants_rigid_affine,False,ok,122,1.0365000000000002,0.8517797589302063,0.8308824896812439,0.0208972692489624,5.030509531574194,216,0.8753373622894287,0.5015128888888889,,,,"(512, 512)","(531, 531)",/Users/ddharmap/dataProcessing/2p_HCR/analysis/midThesis/L395_f11/03_analysis/functional/ncc/inplane_registration_comparison/transforms/L395_f11_plane1_mcorrected_flipX_ants_rigid_affine_0.mat,
L395_f11,2,L395_f11_plane2_mcorrected_flipX,ncc_xy,True,ok,118,1.0385,0.8665862679481506,0.8517213463783264,0.0148649215698242,4.991994642164644,216,0.7990574836730957,0.5031537777777778,0.8665862679481506,112.0,110.0,"(512, 512)","(532, 532)",,
L395_f11,2,L395_f11_plane2_mcorrected_flipX,ants_rigid_affine,False,ok,118,1.0385,0.8665862679481506,0.8517213463783264,0.0148649215698242,4.991994642164644,216,0.8723822832107544,0.5039128888888889,,,,"(512, 512)","(532, 532)",/Users/ddharmap/dataProcessing/2p_HCR/analysis/midThesis/L395_f11/03_analysis/functional/ncc/inplane_registration_comparison/transforms/L395_f11_plane2_mcorrected_flipX_ants_rigid_affine_0.mat,
L395_f11,3,L395_f11_plane3_mcorrected_flipX,ncc_xy,True,ok,113,1.0459000000000005,0.8798812627792358,0.8669725656509399,0.0129086971282958,4.654832039981834,216,0.8049737215042114,0.5107484444444444,0.8798812627792358,100.0,94.0,"(512, 512)","(536, 536)",,
L395_f11,3,L395_f11_plane3_mcorrected_flipX,ants_rigid_affine,False,ok,113,1.0459000000000005,0.8798812627792358,0.8669725656509399,0.0129086971282958,4.654832039981834,216,0.8797837495803833,0.5088231111111111,,,,"(512, 512)","(536, 536)",/Users/ddharmap/dataProcessing/2p_HCR/analysis/midThesis/L395_f11/03_analysis/functional/ncc/inplane_registration_comparison/transforms/L395_f11_plane3_mcorrected_flipX_ants_rigid_affine_0.mat,
L395_f11,4,L395_f11_plane4_mcorrected_flipX,ncc_xy,True,ok,107,1.0459000000000005,0.8469234108924866,0.8436210751533508,0.0033023357391357,3.715648130139978,216,0.7439488768577576,0.5107484444444444,0.8469234108924866,91.0,79.0,"(512, 512)","(536, 536)",,
L395_f11,4,L395_f11_plane4_mcorrected_flipX,ants_rigid_affine,False,ok,107,1.0459000000000005,0.8469234108924866,0.8436210751533508,0.0033023357391357,3.715648130139978,216,0.8497450947761536,0.5140693333333334,,,,"(512, 512)","(536, 536)",/Users/ddharmap/dataProcessing/2p_HCR/analysis/midThesis/L395_f11/03_analysis/functional/ncc/inplane_registration_comparison/transforms/L395_f11_plane4_mcorrected_flipX_ants_rigid_affine_0.mat,
L396_f01,0,L396_f01_plane0_mcorrected_flipX,ncc_xy,True,ok,124,0.8685000000000002,0.8606398105621338,0.8570401668548584,0.0035996437072753,4.188347087722569,223,0.7734209895133972,0.3520444444444444,0.8606398105621338,230.0,137.0,"(512, 512)","(445, 445)",,
L396_f01,0,L396_f01_plane0_mcorrected_flipX,ants_rigid_affine,False,ok,124,0.8685000000000002,0.8606398105621338,0.8570401668548584,0.0035996437072753,4.188347087722569,223,0.2113190591335296,0.34136,,,,"(512, 512)","(445, 445)",/Users/ddharmap/dataProcessing/2p_HCR/analysis/midThesis/L396_f01/03_analysis/functional/ncc/inplane_registration_comparison/transforms/L396_f01_plane0_mcorrected_flipX_ants_rigid_affine_0.mat,
L396_f01,1,L396_f01_plane1_mcorrected_flipX,ncc_xy,True,ok,122,0.8645000000000002,0.8695045709609985,0.8584483861923218,0.0110561847686767,4.26237400575391,223,0.7800347208976746,0.3488871111111111,0.8695045709609985,227.0,132.0,"(512, 512)","(443, 443)",,
L396_f01,1,L396_f01_plane1_mcorrected_flipX,ants_rigid_affine,False,ok,122,0.8645000000000002,0.8695045709609985,0.8584483861923218,0.0110561847686767,4.26237400575391,223,0.8515598177909851,0.3484871111111111,,,,"(512, 512)","(443, 443)",/Users/ddharmap/dataProcessing/2p_HCR/analysis/midThesis/L396_f01/03_analysis/functional/ncc/inplane_registration_comparison/transforms/L396_f01_plane1_mcorrected_flipX_ants_rigid_affine_0.mat,
L396_f01,2,L396_f01_plane2_mcorrected_flipX,ncc_xy,True,ok,118,0.8685000000000002,0.8625848293304443,0.8560697436332703,0.006515085697174,3.935411714404952,223,0.7598419785499573,0.3520444444444444,0.8625848293304443,220.0,121.0,"(512, 512)","(445, 445)",,
L396_f01,2,L396_f01_plane2_mcorrected_flipX,ants_rigid_affine,False,ok,118,0.8685000000000002,0.8625848293304443,0.8560697436332703,0.006515085697174,3.935411714404952,223,0.8481050729751587,0.3514115555555555,,,,"(512, 512)","(445, 445)",/Users/ddharmap/dataProcessing/2p_HCR/analysis/midThesis/L396_f01/03_analysis/functional/ncc/inplane_registration_comparison/transforms/L396_f01_plane2_mcorrected_flipX_ants_rigid_affine_0.mat,
L396_f01,3,L396_f01_plane3_mcorrected_flipX,ncc_xy,True,ok,113,0.8725000000000002,0.846896231174469,0.8437893390655518,0.0031068921089172,3.1802853875116925,223,0.7321813106536865,0.355216,0.846896231174469,213.0,107.0,"(512, 512)","(447, 447)",,
L396_f01,3,L396_f01_plane3_mcorrected_flipX,ants_rigid_affine,False,ok,113,0.8725000000000002,0.846896231174469,0.8437893390655518,0.0031068921089172,3.1802853875116925,223,0.0697480961680412,0.3549955555555555,,,,"(512, 512)","(447, 447)",/Users/ddharmap/dataProcessing/2p_HCR/analysis/midThesis/L396_f01/03_analysis/functional/ncc/inplane_registration_comparison/transforms/L396_f01_plane3_mcorrected_flipX_ants_rigid_affine_0.mat,
L396_f01,4,L396_f01_plane4_mcorrected_flipX,ncc_xy,True,ok,106,0.8725000000000002,0.8321048021316528,0.827761709690094,0.0043430924415588,2.639571617344286,223,0.7192663550376892,0.355216,0.8321048021316528,204.0,94.0,"(512, 512)","(447, 447)",,
L396_f01,4,L396_f01_plane4_mcorrected_flipX,ants_rigid_affine,False,ok,106,0.8725000000000002,0.8321048021316528,0.827761709690094,0.0043430924415588,2.639571617344286,223,0.2024581432342529,0.3521102222222222,,,,"(512, 512)","(447, 447)",/Users/ddharmap/dataProcessing/2p_HCR/analysis/midThesis/L396_f01/03_analysis/functional/ncc/inplane_registration_comparison/transforms/L396_f01_plane4_mcorrected_flipX_ants_rigid_affine_0.mat,
L396_f03,0,L396_f03_plane0_mcorrected_flipX,ncc_xy,True,ok,109,0.8645000000000002,0.8838608860969543,0.8838155269622803,4.5359134674072266e-05,4.269534461092363,228,0.8078402280807495,0.3488871111111111,0.8838608860969543,173.0,24.0,"(512, 512)","(443, 443)",,
L396_f03,0,L396_f03_plane0_mcorrected_flipX,ants_rigid_affine,False,ok,109,0.8645000000000002,0.8838608860969543,0.8838155269622803,4.5359134674072266e-05,4.269534461092363,228,-0.0993660539388656,0.3068995555555555,,,,"(512, 512)","(443, 443)",/Users/ddharmap/dataProcessing/2p_HCR/analysis/midThesis/L396_f03/03_analysis/functional/ncc/inplane_registration_comparison/transforms/L396_f03_plane0_mcorrected_flipX_ants_rigid_affine_0.mat,
L396_f03,1,L396_f03_plane1_mcorrected_flipX,ncc_xy,True,ok,106,0.8625000000000002,0.9262881875038148,0.9110516905784608,0.015236496925354,4.461979751816679,228,0.8760146498680115,0.3473137777777778,0.9262881875038148,177.0,31.0,"(512, 512)","(442, 442)",,
L396_f03,1,L396_f03_plane1_mcorrected_flipX,ants_rigid_affine,False,ok,106,0.8625000000000002,0.9262881875038148,0.9110516905784608,0.015236496925354,4.461979751816679,228,-0.0845363661646843,0.3399466666666667,,,,"(512, 512)","(442, 442)",/Users/ddharmap/dataProcessing/2p_HCR/analysis/midThesis/L396_f03/03_analysis/functional/ncc/inplane_registration_comparison/transforms/L396_f03_plane1_mcorrected_flipX_ants_rigid_affine_0.mat,
L396_f03,2,L396_f03_plane2_mcorrected_flipX,ncc_xy,True,ok,102,0.8645000000000002,0.9356464147567748,0.9237483739852904,0.0118980407714843,4.364283187281241,228,0.8817232251167297,0.3488871111111111,0.9356464147567748,182.0,40.0,"(512, 512)","(443, 443)",,
L396_f03,2,L396_f03_plane2_mcorrected_flipX,ants_rigid_affine,False,ok,102,0.8645000000000002,0.9356464147567748,0.9237483739852904,0.0118980407714843,4.364283187281241,228,0.0111490683630108,0.3532053333333333,,,,"(512, 512)","(443, 443)",/Users/ddharmap/dataProcessing/2p_HCR/analysis/midThesis/L396_f03/03_analysis/functional/ncc/inplane_registration_comparison/transforms/L396_f03_plane2_mcorrected_flipX_ants_rigid_affine_0.mat,
L396_f03,3,L396_f03_plane3_mcorrected_flipX,ncc_xy,True,ok,97,0.8725000000000002,0.923957347869873,0.9123954176902772,0.0115619301795959,3.886277656843368,228,0.8631982207298279,0.355216,0.923957347869873,188.0,49.0,"(512, 512)","(447, 447)",,
L396_f03,3,L396_f03_plane3_mcorrected_flipX,ants_rigid_affine,False,ok,97,0.8725000000000002,0.923957347869873,0.9123954176902772,0.0115619301795959,3.886277656843368,228,0.0775589942932128,0.3515555555555555,,,,"(512, 512)","(447, 447)",/Users/ddharmap/dataProcessing/2p_HCR/analysis/midThesis/L396_f03/03_analysis/functional/ncc/inplane_registration_comparison/transforms/L396_f03_plane3_mcorrected_flipX_ants_rigid_affine_0.mat,
L396_f03,4,L396_f03_plane4_mcorrected_flipX,ncc_xy,True,ok,92,0.8760000000000001,0.8999584317207336,0.8996181488037109,0.0003402829170227,3.087623074855353,228,0.8187927007675171,0.3584017777777777,0.8999584317207336,195.0,60.0,"(512, 512)","(449, 449)",,
L396_f03,4,L396_f03_plane4_mcorrected_flipX,ants_rigid_affine,False,ok,92,0.8760000000000001,0.8999584317207336,0.8996181488037109,0.0003402829170227,3.087623074855353,228,0.0675863549113273,0.3556,,,,"(512, 512)","(449, 449)",/Users/ddharmap/dataProcessing/2p_HCR/analysis/midThesis/L396_f03/03_analysis/functional/ncc/inplane_registration_comparison/transforms/L396_f03_plane4_mcorrected_flipX_ants_rigid_affine_0.mat,
L396_f04,0,L396_f04_plane0_mcorrected_flipX,ncc_xy,True,ok,125,0.8705000000000002,0.8281236886978149,0.8132683634757996,0.0148553252220153,3.3808907031572377,246,0.7151008248329163,0.3536284444444444,0.8281236886978149,150.0,120.0,"(512, 512)","(446, 446)",,
L396_f04,0,L396_f04_plane0_mcorrected_flipX,ants_rigid_affine,False,ok,125,0.8705000000000002,0.8281236886978149,0.8132683634757996,0.0148553252220153,3.3808907031572377,246,0.8089603781700134,0.3512604444444444,,,,"(512, 512)","(446, 446)",/Users/ddharmap/dataProcessing/2p_HCR/analysis/midThesis/L396_f04/03_analysis/functional/ncc/inplane_registration_comparison/transforms/L396_f04_plane0_mcorrected_flipX_ants_rigid_affine_0.mat,
L396_f04,1,L396_f04_plane1_mcorrected_flipX,ncc_xy,True,ok,123,0.8665000000000002,0.8361037373542786,0.8178053498268127,0.0182983875274658,3.3795142140566563,246,0.7313808798789978,0.350464,0.8361037373542786,155.0,127.0,"(512, 512)","(444, 444)",,
L396_f04,1,L396_f04_plane1_mcorrected_flipX,ants_rigid_affine,False,ok,123,0.8665000000000002,0.8361037373542786,0.8178053498268127,0.0182983875274658,3.3795142140566563,246,0.8279224038124084,0.3512035555555555,,,,"(512, 512)","(444, 444)",/Users/ddharmap/dataProcessing/2p_HCR/analysis/midThesis/L396_f04/03_analysis/functional/ncc/inplane_registration_comparison/transforms/L396_f04_plane1_mcorrected_flipX_ants_rigid_affine_0.mat,
L396_f04,2,L396_f04_plane2_mcorrected_flipX,ncc_xy,True,ok,119,0.8665000000000002,0.802538275718689,0.7989692687988281,0.0035690069198608,3.203829247657083,246,0.6935850977897644,0.350464,0.802538275718689,159.0,138.0,"(512, 512)","(444, 444)",,
L396_f04,2,L396_f04_plane2_mcorrected_flipX,ants_rigid_affine,False,ok,119,0.8665000000000002,0.802538275718689,0.7989692687988281,0.0035690069198608,3.203829247657083,246,0.8183620572090149,0.3527822222222222,,,,"(512, 512)","(444, 444)",/Users/ddharmap/dataProcessing/2p_HCR/analysis/midThesis/L396_f04/03_analysis/functional/ncc/inplane_registration_comparison/transforms/L396_f04_plane2_mcorrected_flipX_ants_rigid_affine_0.mat,
L396_f04,3,L396_f04_plane3_mcorrected_flipX,ncc_xy,True,ok,114,0.8760000000000001,0.7661323547363281,0.7634614109992981,0.00267094373703,2.874112095467942,246,0.6496391296386719,0.3584017777777777,0.7661323547363281,166.0,145.0,"(512, 512)","(449, 449)",,
L396_f04,3,L396_f04_plane3_mcorrected_flipX,ants_rigid_affine,False,ok,114,0.8760000000000001,0.7661323547363281,0.7634614109992981,0.00267094373703,2.874112095467942,246,0.8164312243461609,0.3559751111111111,,,,"(512, 512)","(449, 449)",/Users/ddharmap/dataProcessing/2p_HCR/analysis/midThesis/L396_f04/03_analysis/functional/ncc/inplane_registration_comparison/transforms/L396_f04_plane3_mcorrected_flipX_ants_rigid_affine_0.mat,
L396_f04,4,L396_f04_plane4_mcorrected_flipX,ncc_xy,True,ok,108,0.8760000000000001,0.7650021910667419,0.7576383352279663,0.0073638558387756,2.554921817112741,246,0.654750645160675,0.3584017777777777,0.7650021910667419,174.0,156.0,"(512, 512)","(449, 449)",,
L396_f04,4,L396_f04_plane4_mcorrected_flipX,ants_rigid_affine,False,ok,108,0.8760000000000001,0.7650021910667419,0.7576383352279663,0.0073638558387756,2.554921817112741,246,0.7935653924942017,0.360272,,,,"(512, 512)","(449, 449)",/Users/ddharmap/dataProcessing/2p_HCR/analysis/midThesis/L396_f04/03_analysis/functional/ncc/inplane_registration_comparison/transforms/L396_f04_plane4_mcorrected_flipX_ants_rigid_affine_0.mat,
