owner,fish_id,master_csv,conf_func_csv,ring,plot_order,bpi_category,identity_bucket,count,n_total_responsive
Matilde,L395_f11,/Volumes/jlarsch/default/D2c/07_Data/Matilde/Microscopy/L395_f11/03_analysis/functional/registration/functional_roi_activity_identity.csv,/Volumes/jlarsch/default/D2c/07_Data/Matilde/Microscopy/L395_f11/03_analysis/functional/registration/conf_to_func_pairs.csv,inner,0,bout-responsive,,284,1045
Matilde,L395_f11,/Volumes/jlarsch/default/D2c/07_Data/Matilde/Microscopy/L395_f11/03_analysis/functional/registration/functional_roi_activity_identity.csv,/Volumes/jlarsch/default/D2c/07_Data/Matilde/Microscopy/L395_f11/03_analysis/functional/registration/conf_to_func_pairs.csv,inner,1,continuous-responsive,,3,1045
Matilde,L395_f11,/Volumes/jlarsch/default/D2c/07_Data/Matilde/Microscopy/L395_f11/03_analysis/functional/registration/functional_roi_activity_identity.csv,/Volumes/jlarsch/default/D2c/07_Data/Matilde/Microscopy/L395_f11/03_analysis/functional/registration/conf_to_func_pairs.csv,inner,2,both-responsive,,251,1045
Matilde,L395_f11,/Volumes/jlarsch/default/D2c/07_Data/Matilde/Microscopy/L395_f11/03_analysis/functional/registration/functional_roi_activity_identity.csv,/Volumes/jlarsch/default/D2c/07_Data/Matilde/Microscopy/L395_f11/03_analysis/functional/registration/conf_to_func_pairs.csv,inner,3,weak-response,,507,1045
Matilde,L395_f11,/Volumes/jlarsch/default/D2c/07_Data/Matilde/Microscopy/L395_f11/03_analysis/functional/registration/functional_roi_activity_identity.csv,/Volumes/jlarsch/default/D2c/07_Data/Matilde/Microscopy/L395_f11/03_analysis/functional/registration/conf_to_func_pairs.csv,outer,0,bout-responsive,sst1.1,2,1045
Matilde,L395_f11,/Volumes/jlarsch/default/D2c/07_Data/Matilde/Microscopy/L395_f11/03_analysis/functional/registration/functional_roi_activity_identity.csv,/Volumes/jlarsch/default/D2c/07_Data/Matilde/Microscopy/L395_f11/03_analysis/functional/registration/conf_to_func_pairs.csv,outer,1,bout-responsive,sst1.2,1,1045
Matilde,L395_f11,/Volumes/jlarsch/default/D2c/07_Data/Matilde/Microscopy/L395_f11/03_analysis/functional/registration/functional_roi_activity_identity.csv,/Volumes/jlarsch/default/D2c/07_Data/Matilde/Microscopy/L395_f11/03_analysis/functional/registration/conf_to_func_pairs.csv,outer,2,bout-responsive,tac3b,1,1045
Matilde,L395_f11,/Volumes/jlarsch/default/D2c/07_Data/Matilde/Microscopy/L395_f11/03_analysis/functional/registration/functional_roi_activity_identity.csv,/Volumes/jlarsch/default/D2c/07_Data/Matilde/Microscopy/L395_f11/03_analysis/functional/registration/conf_to_func_pairs.csv,outer,3,bout-responsive,pth2,10,1045
Matilde,L395_f11,/Volumes/jlarsch/default/D2c/07_Data/Matilde/Microscopy/L395_f11/03_analysis/functional/registration/functional_roi_activity_identity.csv,/Volumes/jlarsch/default/D2c/07_Data/Matilde/Microscopy/L395_f11/03_analysis/functional/registration/conf_to_func_pairs.csv,outer,4,bout-responsive,sst1.1/tac3b,1,1045
Matilde,L395_f11,/Volumes/jlarsch/default/D2c/07_Data/Matilde/Microscopy/L395_f11/03_analysis/functional/registration/functional_roi_activity_identity.csv,/Volumes/jlarsch/default/D2c/07_Data/Matilde/Microscopy/L395_f11/03_analysis/functional/registration/conf_to_func_pairs.csv,outer,5,bout-responsive,sst1.1/pth2,1,1045
Matilde,L395_f11,/Volumes/jlarsch/default/D2c/07_Data/Matilde/Microscopy/L395_f11/03_analysis/functional/registration/functional_roi_activity_identity.csv,/Volumes/jlarsch/default/D2c/07_Data/Matilde/Microscopy/L395_f11/03_analysis/functional/registration/conf_to_func_pairs.csv,outer,6,bout-responsive,unidentified,268,1045
Matilde,L395_f11,/Volumes/jlarsch/default/D2c/07_Data/Matilde/Microscopy/L395_f11/03_analysis/functional/registration/functional_roi_activity_identity.csv,/Volumes/jlarsch/default/D2c/07_Data/Matilde/Microscopy/L395_f11/03_analysis/functional/registration/conf_to_func_pairs.csv,outer,7,continuous-responsive,unidentified,3,1045
Matilde,L395_f11,/Volumes/jlarsch/default/D2c/07_Data/Matilde/Microscopy/L395_f11/03_analysis/functional/registration/functional_roi_activity_identity.csv,/Volumes/jlarsch/default/D2c/07_Data/Matilde/Microscopy/L395_f11/03_analysis/functional/registration/conf_to_func_pairs.csv,outer,8,both-responsive,sst1.1/tac3b,1,1045
Matilde,L395_f11,/Volumes/jlarsch/default/D2c/07_Data/Matilde/Microscopy/L395_f11/03_analysis/functional/registration/functional_roi_activity_identity.csv,/Volumes/jlarsch/default/D2c/07_Data/Matilde/Microscopy/L395_f11/03_analysis/functional/registration/conf_to_func_pairs.csv,outer,9,both-responsive,unidentified,250,1045
Matilde,L395_f11,/Volumes/jlarsch/default/D2c/07_Data/Matilde/Microscopy/L395_f11/03_analysis/functional/registration/functional_roi_activity_identity.csv,/Volumes/jlarsch/default/D2c/07_Data/Matilde/Microscopy/L395_f11/03_analysis/functional/registration/conf_to_func_pairs.csv,outer,10,weak-response,sst1.1,2,1045
Matilde,L395_f11,/Volumes/jlarsch/default/D2c/07_Data/Matilde/Microscopy/L395_f11/03_analysis/functional/registration/functional_roi_activity_identity.csv,/Volumes/jlarsch/default/D2c/07_Data/Matilde/Microscopy/L395_f11/03_analysis/functional/registration/conf_to_func_pairs.csv,outer,11,weak-response,sst1.2,2,1045
Matilde,L395_f11,/Volumes/jlarsch/default/D2c/07_Data/Matilde/Microscopy/L395_f11/03_analysis/functional/registration/functional_roi_activity_identity.csv,/Volumes/jlarsch/default/D2c/07_Data/Matilde/Microscopy/L395_f11/03_analysis/functional/registration/conf_to_func_pairs.csv,outer,12,weak-response,tac3b,1,1045
Matilde,L395_f11,/Volumes/jlarsch/default/D2c/07_Data/Matilde/Microscopy/L395_f11/03_analysis/functional/registration/functional_roi_activity_identity.csv,/Volumes/jlarsch/default/D2c/07_Data/Matilde/Microscopy/L395_f11/03_analysis/functional/registration/conf_to_func_pairs.csv,outer,13,weak-response,pth2,4,1045
Matilde,L395_f11,/Volumes/jlarsch/default/D2c/07_Data/Matilde/Microscopy/L395_f11/03_analysis/functional/registration/functional_roi_activity_identity.csv,/Volumes/jlarsch/default/D2c/07_Data/Matilde/Microscopy/L395_f11/03_analysis/functional/registration/conf_to_func_pairs.csv,outer,14,weak-response,sst1.1/sst1.2/tac3b,1,1045
Matilde,L395_f11,/Volumes/jlarsch/default/D2c/07_Data/Matilde/Microscopy/L395_f11/03_analysis/functional/registration/functional_roi_activity_identity.csv,/Volumes/jlarsch/default/D2c/07_Data/Matilde/Microscopy/L395_f11/03_analysis/functional/registration/conf_to_func_pairs.csv,outer,15,weak-response,sst1.1/tac3b,2,1045
Matilde,L395_f11,/Volumes/jlarsch/default/D2c/07_Data/Matilde/Microscopy/L395_f11/03_analysis/functional/registration/functional_roi_activity_identity.csv,/Volumes/jlarsch/default/D2c/07_Data/Matilde/Microscopy/L395_f11/03_analysis/functional/registration/conf_to_func_pairs.csv,outer,16,weak-response,sst1.1/pth2,1,1045
Matilde,L395_f11,/Volumes/jlarsch/default/D2c/07_Data/Matilde/Microscopy/L395_f11/03_analysis/functional/registration/functional_roi_activity_identity.csv,/Volumes/jlarsch/default/D2c/07_Data/Matilde/Microscopy/L395_f11/03_analysis/functional/registration/conf_to_func_pairs.csv,outer,17,weak-response,unidentified,494,1045
Matilde,L396_f01,/Volumes/jlarsch/default/D2c/07_Data/Matilde/Microscopy/L396_f01/03_analysis/functional/registration/functional_roi_activity_identity.csv,/Volumes/jlarsch/default/D2c/07_Data/Matilde/Microscopy/L396_f01/03_analysis/functional/registration/conf_to_func_pairs.csv,inner,0,bout-responsive,,275,881
Matilde,L396_f01,/Volumes/jlarsch/default/D2c/07_Data/Matilde/Microscopy/L396_f01/03_analysis/functional/registration/functional_roi_activity_identity.csv,/Volumes/jlarsch/default/D2c/07_Data/Matilde/Microscopy/L396_f01/03_analysis/functional/registration/conf_to_func_pairs.csv,inner,1,continuous-responsive,,7,881
Matilde,L396_f01,/Volumes/jlarsch/default/D2c/07_Data/Matilde/Microscopy/L396_f01/03_analysis/functional/registration/functional_roi_activity_identity.csv,/Volumes/jlarsch/default/D2c/07_Data/Matilde/Microscopy/L396_f01/03_analysis/functional/registration/conf_to_func_pairs.csv,inner,2,both-responsive,,82,881
Matilde,L396_f01,/Volumes/jlarsch/default/D2c/07_Data/Matilde/Microscopy/L396_f01/03_analysis/functional/registration/functional_roi_activity_identity.csv,/Volumes/jlarsch/default/D2c/07_Data/Matilde/Microscopy/L396_f01/03_analysis/functional/registration/conf_to_func_pairs.csv,inner,3,weak-response,,517,881
Matilde,L396_f01,/Volumes/jlarsch/default/D2c/07_Data/Matilde/Microscopy/L396_f01/03_analysis/functional/registration/functional_roi_activity_identity.csv,/Volumes/jlarsch/default/D2c/07_Data/Matilde/Microscopy/L396_f01/03_analysis/functional/registration/conf_to_func_pairs.csv,outer,0,bout-responsive,sst1.1,2,881
Matilde,L396_f01,/Volumes/jlarsch/default/D2c/07_Data/Matilde/Microscopy/L396_f01/03_analysis/functional/registration/functional_roi_activity_identity.csv,/Volumes/jlarsch/default/D2c/07_Data/Matilde/Microscopy/L396_f01/03_analysis/functional/registration/conf_to_func_pairs.csv,outer,1,bout-responsive,pth2,7,881
Matilde,L396_f01,/Volumes/jlarsch/default/D2c/07_Data/Matilde/Microscopy/L396_f01/03_analysis/functional/registration/functional_roi_activity_identity.csv,/Volumes/jlarsch/default/D2c/07_Data/Matilde/Microscopy/L396_f01/03_analysis/functional/registration/conf_to_func_pairs.csv,outer,2,bout-responsive,sst1.1/pth2,3,881
Matilde,L396_f01,/Volumes/jlarsch/default/D2c/07_Data/Matilde/Microscopy/L396_f01/03_analysis/functional/registration/functional_roi_activity_identity.csv,/Volumes/jlarsch/default/D2c/07_Data/Matilde/Microscopy/L396_f01/03_analysis/functional/registration/conf_to_func_pairs.csv,outer,3,bout-responsive,unidentified,263,881
Matilde,L396_f01,/Volumes/jlarsch/default/D2c/07_Data/Matilde/Microscopy/L396_f01/03_analysis/functional/registration/functional_roi_activity_identity.csv,/Volumes/jlarsch/default/D2c/07_Data/Matilde/Microscopy/L396_f01/03_analysis/functional/registration/conf_to_func_pairs.csv,outer,4,continuous-responsive,unidentified,7,881
Matilde,L396_f01,/Volumes/jlarsch/default/D2c/07_Data/Matilde/Microscopy/L396_f01/03_analysis/functional/registration/functional_roi_activity_identity.csv,/Volumes/jlarsch/default/D2c/07_Data/Matilde/Microscopy/L396_f01/03_analysis/functional/registration/conf_to_func_pairs.csv,outer,5,both-responsive,unidentified,82,881
Matilde,L396_f01,/Volumes/jlarsch/default/D2c/07_Data/Matilde/Microscopy/L396_f01/03_analysis/functional/registration/functional_roi_activity_identity.csv,/Volumes/jlarsch/default/D2c/07_Data/Matilde/Microscopy/L396_f01/03_analysis/functional/registration/conf_to_func_pairs.csv,outer,6,weak-response,sst1.1,1,881
Matilde,L396_f01,/Volumes/jlarsch/default/D2c/07_Data/Matilde/Microscopy/L396_f01/03_analysis/functional/registration/functional_roi_activity_identity.csv,/Volumes/jlarsch/default/D2c/07_Data/Matilde/Microscopy/L396_f01/03_analysis/functional/registration/conf_to_func_pairs.csv,outer,7,weak-response,pth2,5,881
Matilde,L396_f01,/Volumes/jlarsch/default/D2c/07_Data/Matilde/Microscopy/L396_f01/03_analysis/functional/registration/functional_roi_activity_identity.csv,/Volumes/jlarsch/default/D2c/07_Data/Matilde/Microscopy/L396_f01/03_analysis/functional/registration/conf_to_func_pairs.csv,outer,8,weak-response,sst1.1/pth2,1,881
Matilde,L396_f01,/Volumes/jlarsch/default/D2c/07_Data/Matilde/Microscopy/L396_f01/03_analysis/functional/registration/functional_roi_activity_identity.csv,/Volumes/jlarsch/default/D2c/07_Data/Matilde/Microscopy/L396_f01/03_analysis/functional/registration/conf_to_func_pairs.csv,outer,9,weak-response,unidentified,510,881
Matilde,L396_f03,/Volumes/jlarsch/default/D2c/07_Data/Matilde/Microscopy/L396_f03/03_analysis/functional/registration/functional_roi_activity_identity.csv,/Volumes/jlarsch/default/D2c/07_Data/Matilde/Microscopy/L396_f03/03_analysis/functional/registration/conf_to_func_pairs.csv,inner,0,bout-responsive,,40,326
Matilde,L396_f03,/Volumes/jlarsch/default/D2c/07_Data/Matilde/Microscopy/L396_f03/03_analysis/functional/registration/functional_roi_activity_identity.csv,/Volumes/jlarsch/default/D2c/07_Data/Matilde/Microscopy/L396_f03/03_analysis/functional/registration/conf_to_func_pairs.csv,inner,1,continuous-responsive,,0,326
Matilde,L396_f03,/Volumes/jlarsch/default/D2c/07_Data/Matilde/Microscopy/L396_f03/03_analysis/functional/registration/functional_roi_activity_identity.csv,/Volumes/jlarsch/default/D2c/07_Data/Matilde/Microscopy/L396_f03/03_analysis/functional/registration/conf_to_func_pairs.csv,inner,2,both-responsive,,42,326
Matilde,L396_f03,/Volumes/jlarsch/default/D2c/07_Data/Matilde/Microscopy/L396_f03/03_analysis/functional/registration/functional_roi_activity_identity.csv,/Volumes/jlarsch/default/D2c/07_Data/Matilde/Microscopy/L396_f03/03_analysis/functional/registration/conf_to_func_pairs.csv,inner,3,weak-response,,244,326
Matilde,L396_f03,/Volumes/jlarsch/default/D2c/07_Data/Matilde/Microscopy/L396_f03/03_analysis/functional/registration/functional_roi_activity_identity.csv,/Volumes/jlarsch/default/D2c/07_Data/Matilde/Microscopy/L396_f03/03_analysis/functional/registration/conf_to_func_pairs.csv,outer,0,bout-responsive,pth2,3,326
Matilde,L396_f03,/Volumes/jlarsch/default/D2c/07_Data/Matilde/Microscopy/L396_f03/03_analysis/functional/registration/functional_roi_activity_identity.csv,/Volumes/jlarsch/default/D2c/07_Data/Matilde/Microscopy/L396_f03/03_analysis/functional/registration/conf_to_func_pairs.csv,outer,1,bout-responsive,sst1.1/sst1.2,3,326
Matilde,L396_f03,/Volumes/jlarsch/default/D2c/07_Data/Matilde/Microscopy/L396_f03/03_analysis/functional/registration/functional_roi_activity_identity.csv,/Volumes/jlarsch/default/D2c/07_Data/Matilde/Microscopy/L396_f03/03_analysis/functional/registration/conf_to_func_pairs.csv,outer,2,bout-responsive,sst1.1/sst1.2/pth2,1,326
Matilde,L396_f03,/Volumes/jlarsch/default/D2c/07_Data/Matilde/Microscopy/L396_f03/03_analysis/functional/registration/functional_roi_activity_identity.csv,/Volumes/jlarsch/default/D2c/07_Data/Matilde/Microscopy/L396_f03/03_analysis/functional/registration/conf_to_func_pairs.csv,outer,3,bout-responsive,unidentified,33,326
Matilde,L396_f03,/Volumes/jlarsch/default/D2c/07_Data/Matilde/Microscopy/L396_f03/03_analysis/functional/registration/functional_roi_activity_identity.csv,/Volumes/jlarsch/default/D2c/07_Data/Matilde/Microscopy/L396_f03/03_analysis/functional/registration/conf_to_func_pairs.csv,outer,4,both-responsive,sst1.2,1,326
Matilde,L396_f03,/Volumes/jlarsch/default/D2c/07_Data/Matilde/Microscopy/L396_f03/03_analysis/functional/registration/functional_roi_activity_identity.csv,/Volumes/jlarsch/default/D2c/07_Data/Matilde/Microscopy/L396_f03/03_analysis/functional/registration/conf_to_func_pairs.csv,outer,5,both-responsive,pth2,1,326
Matilde,L396_f03,/Volumes/jlarsch/default/D2c/07_Data/Matilde/Microscopy/L396_f03/03_analysis/functional/registration/functional_roi_activity_identity.csv,/Volumes/jlarsch/default/D2c/07_Data/Matilde/Microscopy/L396_f03/03_analysis/functional/registration/conf_to_func_pairs.csv,outer,6,both-responsive,unidentified,40,326
Matilde,L396_f03,/Volumes/jlarsch/default/D2c/07_Data/Matilde/Microscopy/L396_f03/03_analysis/functional/registration/functional_roi_activity_identity.csv,/Volumes/jlarsch/default/D2c/07_Data/Matilde/Microscopy/L396_f03/03_analysis/functional/registration/conf_to_func_pairs.csv,outer,7,weak-response,sst1.1,1,326
Matilde,L396_f03,/Volumes/jlarsch/default/D2c/07_Data/Matilde/Microscopy/L396_f03/03_analysis/functional/registration/functional_roi_activity_identity.csv,/Volumes/jlarsch/default/D2c/07_Data/Matilde/Microscopy/L396_f03/03_analysis/functional/registration/conf_to_func_pairs.csv,outer,8,weak-response,sst1.2,6,326
Matilde,L396_f03,/Volumes/jlarsch/default/D2c/07_Data/Matilde/Microscopy/L396_f03/03_analysis/functional/registration/functional_roi_activity_identity.csv,/Volumes/jlarsch/default/D2c/07_Data/Matilde/Microscopy/L396_f03/03_analysis/functional/registration/conf_to_func_pairs.csv,outer,9,weak-response,tac3b,1,326
Matilde,L396_f03,/Volumes/jlarsch/default/D2c/07_Data/Matilde/Microscopy/L396_f03/03_analysis/functional/registration/functional_roi_activity_identity.csv,/Volumes/jlarsch/default/D2c/07_Data/Matilde/Microscopy/L396_f03/03_analysis/functional/registration/conf_to_func_pairs.csv,outer,10,weak-response,pth2,13,326
Matilde,L396_f03,/Volumes/jlarsch/default/D2c/07_Data/Matilde/Microscopy/L396_f03/03_analysis/functional/registration/functional_roi_activity_identity.csv,/Volumes/jlarsch/default/D2c/07_Data/Matilde/Microscopy/L396_f03/03_analysis/functional/registration/conf_to_func_pairs.csv,outer,11,weak-response,sst1.1/sst1.2,2,326
Matilde,L396_f03,/Volumes/jlarsch/default/D2c/07_Data/Matilde/Microscopy/L396_f03/03_analysis/functional/registration/functional_roi_activity_identity.csv,/Volumes/jlarsch/default/D2c/07_Data/Matilde/Microscopy/L396_f03/03_analysis/functional/registration/conf_to_func_pairs.csv,outer,12,weak-response,sst1.1/sst1.2/pth2,2,326
Matilde,L396_f03,/Volumes/jlarsch/default/D2c/07_Data/Matilde/Microscopy/L396_f03/03_analysis/functional/registration/functional_roi_activity_identity.csv,/Volumes/jlarsch/default/D2c/07_Data/Matilde/Microscopy/L396_f03/03_analysis/functional/registration/conf_to_func_pairs.csv,outer,13,weak-response,sst1.1/pth2,1,326
Matilde,L396_f03,/Volumes/jlarsch/default/D2c/07_Data/Matilde/Microscopy/L396_f03/03_analysis/functional/registration/functional_roi_activity_identity.csv,/Volumes/jlarsch/default/D2c/07_Data/Matilde/Microscopy/L396_f03/03_analysis/functional/registration/conf_to_func_pairs.csv,outer,14,weak-response,sst1.2/tac3b,1,326
Matilde,L396_f03,/Volumes/jlarsch/default/D2c/07_Data/Matilde/Microscopy/L396_f03/03_analysis/functional/registration/functional_roi_activity_identity.csv,/Volumes/jlarsch/default/D2c/07_Data/Matilde/Microscopy/L396_f03/03_analysis/functional/registration/conf_to_func_pairs.csv,outer,15,weak-response,sst1.2/pth2,4,326
Matilde,L396_f03,/Volumes/jlarsch/default/D2c/07_Data/Matilde/Microscopy/L396_f03/03_analysis/functional/registration/functional_roi_activity_identity.csv,/Volumes/jlarsch/default/D2c/07_Data/Matilde/Microscopy/L396_f03/03_analysis/functional/registration/conf_to_func_pairs.csv,outer,16,weak-response,unidentified,213,326
Matilde,L396_f04,/Volumes/jlarsch/default/D2c/07_Data/Matilde/Microscopy/L396_f04/03_analysis/functional/registration/functional_roi_activity_identity.csv,/Volumes/jlarsch/default/D2c/07_Data/Matilde/Microscopy/L396_f04/03_analysis/functional/registration/conf_to_func_pairs.csv,inner,0,bout-responsive,,213,785
Matilde,L396_f04,/Volumes/jlarsch/default/D2c/07_Data/Matilde/Microscopy/L396_f04/03_analysis/functional/registration/functional_roi_activity_identity.csv,/Volumes/jlarsch/default/D2c/07_Data/Matilde/Microscopy/L396_f04/03_analysis/functional/registration/conf_to_func_pairs.csv,inner,1,continuous-responsive,,13,785
Matilde,L396_f04,/Volumes/jlarsch/default/D2c/07_Data/Matilde/Microscopy/L396_f04/03_analysis/functional/registration/functional_roi_activity_identity.csv,/Volumes/jlarsch/default/D2c/07_Data/Matilde/Microscopy/L396_f04/03_analysis/functional/registration/conf_to_func_pairs.csv,inner,2,both-responsive,,119,785
Matilde,L396_f04,/Volumes/jlarsch/default/D2c/07_Data/Matilde/Microscopy/L396_f04/03_analysis/functional/registration/functional_roi_activity_identity.csv,/Volumes/jlarsch/default/D2c/07_Data/Matilde/Microscopy/L396_f04/03_analysis/functional/registration/conf_to_func_pairs.csv,inner,3,weak-response,,440,785
Matilde,L396_f04,/Volumes/jlarsch/default/D2c/07_Data/Matilde/Microscopy/L396_f04/03_analysis/functional/registration/functional_roi_activity_identity.csv,/Volumes/jlarsch/default/D2c/07_Data/Matilde/Microscopy/L396_f04/03_analysis/functional/registration/conf_to_func_pairs.csv,outer,0,bout-responsive,sst1.1,1,785
Matilde,L396_f04,/Volumes/jlarsch/default/D2c/07_Data/Matilde/Microscopy/L396_f04/03_analysis/functional/registration/functional_roi_activity_identity.csv,/Volumes/jlarsch/default/D2c/07_Data/Matilde/Microscopy/L396_f04/03_analysis/functional/registration/conf_to_func_pairs.csv,outer,1,bout-responsive,npy,4,785
Matilde,L396_f04,/Volumes/jlarsch/default/D2c/07_Data/Matilde/Microscopy/L396_f04/03_analysis/functional/registration/functional_roi_activity_identity.csv,/Volumes/jlarsch/default/D2c/07_Data/Matilde/Microscopy/L396_f04/03_analysis/functional/registration/conf_to_func_pairs.csv,outer,2,bout-responsive,tac3b,1,785
Matilde,L396_f04,/Volumes/jlarsch/default/D2c/07_Data/Matilde/Microscopy/L396_f04/03_analysis/functional/registration/functional_roi_activity_identity.csv,/Volumes/jlarsch/default/D2c/07_Data/Matilde/Microscopy/L396_f04/03_analysis/functional/registration/conf_to_func_pairs.csv,outer,3,bout-responsive,pth2,2,785
Matilde,L396_f04,/Volumes/jlarsch/default/D2c/07_Data/Matilde/Microscopy/L396_f04/03_analysis/functional/registration/functional_roi_activity_identity.csv,/Volumes/jlarsch/default/D2c/07_Data/Matilde/Microscopy/L396_f04/03_analysis/functional/registration/conf_to_func_pairs.csv,outer,4,bout-responsive,sst1.1/sst1.2,2,785
Matilde,L396_f04,/Volumes/jlarsch/default/D2c/07_Data/Matilde/Microscopy/L396_f04/03_analysis/functional/registration/functional_roi_activity_identity.csv,/Volumes/jlarsch/default/D2c/07_Data/Matilde/Microscopy/L396_f04/03_analysis/functional/registration/conf_to_func_pairs.csv,outer,5,bout-responsive,unidentified,203,785
Matilde,L396_f04,/Volumes/jlarsch/default/D2c/07_Data/Matilde/Microscopy/L396_f04/03_analysis/functional/registration/functional_roi_activity_identity.csv,/Volumes/jlarsch/default/D2c/07_Data/Matilde/Microscopy/L396_f04/03_analysis/functional/registration/conf_to_func_pairs.csv,outer,6,continuous-responsive,unidentified,13,785
Matilde,L396_f04,/Volumes/jlarsch/default/D2c/07_Data/Matilde/Microscopy/L396_f04/03_analysis/functional/registration/functional_roi_activity_identity.csv,/Volumes/jlarsch/default/D2c/07_Data/Matilde/Microscopy/L396_f04/03_analysis/functional/registration/conf_to_func_pairs.csv,outer,7,both-responsive,sst1.1,1,785
Matilde,L396_f04,/Volumes/jlarsch/default/D2c/07_Data/Matilde/Microscopy/L396_f04/03_analysis/functional/registration/functional_roi_activity_identity.csv,/Volumes/jlarsch/default/D2c/07_Data/Matilde/Microscopy/L396_f04/03_analysis/functional/registration/conf_to_func_pairs.csv,outer,8,both-responsive,sst1.2,1,785
Matilde,L396_f04,/Volumes/jlarsch/default/D2c/07_Data/Matilde/Microscopy/L396_f04/03_analysis/functional/registration/functional_roi_activity_identity.csv,/Volumes/jlarsch/default/D2c/07_Data/Matilde/Microscopy/L396_f04/03_analysis/functional/registration/conf_to_func_pairs.csv,outer,9,both-responsive,npy,1,785
Matilde,L396_f04,/Volumes/jlarsch/default/D2c/07_Data/Matilde/Microscopy/L396_f04/03_analysis/functional/registration/functional_roi_activity_identity.csv,/Volumes/jlarsch/default/D2c/07_Data/Matilde/Microscopy/L396_f04/03_analysis/functional/registration/conf_to_func_pairs.csv,outer,10,both-responsive,sst1.1/sst1.2,1,785
Matilde,L396_f04,/Volumes/jlarsch/default/D2c/07_Data/Matilde/Microscopy/L396_f04/03_analysis/functional/registration/functional_roi_activity_identity.csv,/Volumes/jlarsch/default/D2c/07_Data/Matilde/Microscopy/L396_f04/03_analysis/functional/registration/conf_to_func_pairs.csv,outer,11,both-responsive,npy/pth2,1,785
Matilde,L396_f04,/Volumes/jlarsch/default/D2c/07_Data/Matilde/Microscopy/L396_f04/03_analysis/functional/registration/functional_roi_activity_identity.csv,/Volumes/jlarsch/default/D2c/07_Data/Matilde/Microscopy/L396_f04/03_analysis/functional/registration/conf_to_func_pairs.csv,outer,12,both-responsive,unidentified,114,785
Matilde,L396_f04,/Volumes/jlarsch/default/D2c/07_Data/Matilde/Microscopy/L396_f04/03_analysis/functional/registration/functional_roi_activity_identity.csv,/Volumes/jlarsch/default/D2c/07_Data/Matilde/Microscopy/L396_f04/03_analysis/functional/registration/conf_to_func_pairs.csv,outer,13,weak-response,sst1.1,5,785
Matilde,L396_f04,/Volumes/jlarsch/default/D2c/07_Data/Matilde/Microscopy/L396_f04/03_analysis/functional/registration/functional_roi_activity_identity.csv,/Volumes/jlarsch/default/D2c/07_Data/Matilde/Microscopy/L396_f04/03_analysis/functional/registration/conf_to_func_pairs.csv,outer,14,weak-response,npy,4,785
Matilde,L396_f04,/Volumes/jlarsch/default/D2c/07_Data/Matilde/Microscopy/L396_f04/03_analysis/functional/registration/functional_roi_activity_identity.csv,/Volumes/jlarsch/default/D2c/07_Data/Matilde/Microscopy/L396_f04/03_analysis/functional/registration/conf_to_func_pairs.csv,outer,15,weak-response,pth2,3,785
Matilde,L396_f04,/Volumes/jlarsch/default/D2c/07_Data/Matilde/Microscopy/L396_f04/03_analysis/functional/registration/functional_roi_activity_identity.csv,/Volumes/jlarsch/default/D2c/07_Data/Matilde/Microscopy/L396_f04/03_analysis/functional/registration/conf_to_func_pairs.csv,outer,16,weak-response,sst1.1/pth2,1,785
Matilde,L396_f04,/Volumes/jlarsch/default/D2c/07_Data/Matilde/Microscopy/L396_f04/03_analysis/functional/registration/functional_roi_activity_identity.csv,/Volumes/jlarsch/default/D2c/07_Data/Matilde/Microscopy/L396_f04/03_analysis/functional/registration/conf_to_func_pairs.csv,outer,17,weak-response,unidentified,427,785
