group,laterality,stim_mode,n_responsive_used,n_low_used,n_other,n_total,frac_responsive_used,frac_low_used,frac_other,fish_id
All neurons,contra,bout,707,1305,2518,4530,0.1560706401766004,0.2880794701986754,0.555849889624724,L395_f11
sst1.1,contra,bout,11,6,5,22,0.5,0.2727272727272727,0.2272727272727272,L395_f11
sst1.2,contra,bout,4,1,1,6,0.6666666666666666,0.1666666666666666,0.1666666666666666,L395_f11
tac3b,contra,bout,7,8,4,19,0.3684210526315789,0.4210526315789473,0.2105263157894736,L395_f11
pth2,contra,bout,16,1,1,18,0.8888888888888888,0.0555555555555555,0.0555555555555555,L395_f11
All neurons,contra,continuous,707,1305,2518,4530,0.1560706401766004,0.2880794701986754,0.555849889624724,L395_f11
sst1.1,contra,continuous,11,6,5,22,0.5,0.2727272727272727,0.2272727272727272,L395_f11
sst1.2,contra,continuous,4,1,1,6,0.6666666666666666,0.1666666666666666,0.1666666666666666,L395_f11
tac3b,contra,continuous,7,8,4,19,0.3684210526315789,0.4210526315789473,0.2105263157894736,L395_f11
pth2,contra,continuous,16,1,1,18,0.8888888888888888,0.0555555555555555,0.0555555555555555,L395_f11
All neurons,ipsi,bout,707,1305,2518,4530,0.1560706401766004,0.2880794701986754,0.555849889624724,L395_f11
sst1.1,ipsi,bout,11,6,5,22,0.5,0.2727272727272727,0.2272727272727272,L395_f11
sst1.2,ipsi,bout,4,1,1,6,0.6666666666666666,0.1666666666666666,0.1666666666666666,L395_f11
tac3b,ipsi,bout,7,8,4,19,0.3684210526315789,0.4210526315789473,0.2105263157894736,L395_f11
pth2,ipsi,bout,16,1,1,18,0.8888888888888888,0.0555555555555555,0.0555555555555555,L395_f11
All neurons,ipsi,continuous,707,1305,2518,4530,0.1560706401766004,0.2880794701986754,0.555849889624724,L395_f11
sst1.1,ipsi,continuous,11,6,5,22,0.5,0.2727272727272727,0.2272727272727272,L395_f11
sst1.2,ipsi,continuous,4,1,1,6,0.6666666666666666,0.1666666666666666,0.1666666666666666,L395_f11
tac3b,ipsi,continuous,7,8,4,19,0.3684210526315789,0.4210526315789473,0.2105263157894736,L395_f11
pth2,ipsi,continuous,16,1,1,18,0.8888888888888888,0.0555555555555555,0.0555555555555555,L395_f11
All neurons,contra,bout,794,1029,2713,4536,0.1750440917107583,0.2268518518518518,0.5981040564373897,L396_f01
sst1.1,contra,bout,7,0,2,9,0.7777777777777778,0.0,0.2222222222222222,L396_f01
pth2,contra,bout,16,0,1,17,0.9411764705882352,0.0,0.0588235294117647,L396_f01
All neurons,contra,continuous,794,1029,2713,4536,0.1750440917107583,0.2268518518518518,0.5981040564373897,L396_f01
sst1.1,contra,continuous,7,0,2,9,0.7777777777777778,0.0,0.2222222222222222,L396_f01
pth2,contra,continuous,16,0,1,17,0.9411764705882352,0.0,0.0588235294117647,L396_f01
All neurons,ipsi,bout,794,1029,2713,4536,0.1750440917107583,0.2268518518518518,0.5981040564373897,L396_f01
sst1.1,ipsi,bout,7,0,2,9,0.7777777777777778,0.0,0.2222222222222222,L396_f01
pth2,ipsi,bout,16,0,1,17,0.9411764705882352,0.0,0.0588235294117647,L396_f01
All neurons,ipsi,continuous,794,1029,2713,4536,0.1750440917107583,0.2268518518518518,0.5981040564373897,L396_f01
sst1.1,ipsi,continuous,7,0,2,9,0.7777777777777778,0.0,0.2222222222222222,L396_f01
pth2,ipsi,continuous,16,0,1,17,0.9411764705882352,0.0,0.0588235294117647,L396_f01
All neurons,contra,bout,286,1167,2158,3611,0.0792024369980614,0.3231791747438383,0.5976183882581002,L396_f03
sst1.1,contra,bout,10,4,5,19,0.5263157894736842,0.2105263157894736,0.2631578947368421,L396_f03
sst1.2,contra,bout,21,5,17,43,0.4883720930232558,0.1162790697674418,0.3953488372093023,L396_f03
tac3b,contra,bout,2,0,2,4,0.5,0.0,0.5,L396_f03
pth2,contra,bout,25,1,0,26,0.9615384615384616,0.0384615384615384,0.0,L396_f03
All neurons,contra,continuous,286,1167,2158,3611,0.0792024369980614,0.3231791747438383,0.5976183882581002,L396_f03
sst1.1,contra,continuous,10,4,5,19,0.5263157894736842,0.2105263157894736,0.2631578947368421,L396_f03
sst1.2,contra,continuous,21,5,17,43,0.4883720930232558,0.1162790697674418,0.3953488372093023,L396_f03
tac3b,contra,continuous,2,0,2,4,0.5,0.0,0.5,L396_f03
pth2,contra,continuous,25,1,0,26,0.9615384615384616,0.0384615384615384,0.0,L396_f03
All neurons,ipsi,bout,286,1167,2158,3611,0.0792024369980614,0.3231791747438383,0.5976183882581002,L396_f03
sst1.1,ipsi,bout,10,4,5,19,0.5263157894736842,0.2105263157894736,0.2631578947368421,L396_f03
sst1.2,ipsi,bout,21,5,17,43,0.4883720930232558,0.1162790697674418,0.3953488372093023,L396_f03
tac3b,ipsi,bout,2,0,2,4,0.5,0.0,0.5,L396_f03
pth2,ipsi,bout,25,1,0,26,0.9615384615384616,0.0384615384615384,0.0,L396_f03
All neurons,ipsi,continuous,286,1167,2158,3611,0.0792024369980614,0.3231791747438383,0.5976183882581002,L396_f03
sst1.1,ipsi,continuous,10,4,5,19,0.5263157894736842,0.2105263157894736,0.2631578947368421,L396_f03
sst1.2,ipsi,continuous,21,5,17,43,0.4883720930232558,0.1162790697674418,0.3953488372093023,L396_f03
tac3b,ipsi,continuous,2,0,2,4,0.5,0.0,0.5,L396_f03
pth2,ipsi,continuous,25,1,0,26,0.9615384615384616,0.0384615384615384,0.0,L396_f03
All neurons,contra,bout,624,1080,1929,3633,0.1717588769611891,0.2972749793559042,0.5309661436829067,L396_f04
sst1.1,contra,bout,11,11,4,26,0.4230769230769231,0.4230769230769231,0.1538461538461538,L396_f04
sst1.2,contra,bout,3,2,7,12,0.25,0.1666666666666666,0.5833333333333334,L396_f04
npy,contra,bout,9,1,6,16,0.5625,0.0625,0.375,L396_f04
tac3b,contra,bout,1,1,0,2,0.5,0.5,0.0,L396_f04
pth2,contra,bout,7,0,3,10,0.7,0.0,0.3,L396_f04
cfos,contra,bout,0,1,0,1,0.0,1.0,0.0,L396_f04
All neurons,contra,continuous,624,1080,1929,3633,0.1717588769611891,0.2972749793559042,0.5309661436829067,L396_f04
sst1.1,contra,continuous,11,11,4,26,0.4230769230769231,0.4230769230769231,0.1538461538461538,L396_f04
sst1.2,contra,continuous,3,2,7,12,0.25,0.1666666666666666,0.5833333333333334,L396_f04
npy,contra,continuous,9,1,6,16,0.5625,0.0625,0.375,L396_f04
tac3b,contra,continuous,1,1,0,2,0.5,0.5,0.0,L396_f04
pth2,contra,continuous,7,0,3,10,0.7,0.0,0.3,L396_f04
cfos,contra,continuous,0,1,0,1,0.0,1.0,0.0,L396_f04
All neurons,ipsi,bout,624,1080,1929,3633,0.1717588769611891,0.2972749793559042,0.5309661436829067,L396_f04
sst1.1,ipsi,bout,11,11,4,26,0.4230769230769231,0.4230769230769231,0.1538461538461538,L396_f04
sst1.2,ipsi,bout,3,2,7,12,0.25,0.1666666666666666,0.5833333333333334,L396_f04
npy,ipsi,bout,9,1,6,16,0.5625,0.0625,0.375,L396_f04
tac3b,ipsi,bout,1,1,0,2,0.5,0.5,0.0,L396_f04
pth2,ipsi,bout,7,0,3,10,0.7,0.0,0.3,L396_f04
cfos,ipsi,bout,0,1,0,1,0.0,1.0,0.0,L396_f04
All neurons,ipsi,continuous,624,1080,1929,3633,0.1717588769611891,0.2972749793559042,0.5309661436829067,L396_f04
sst1.1,ipsi,continuous,11,11,4,26,0.4230769230769231,0.4230769230769231,0.1538461538461538,L396_f04
sst1.2,ipsi,continuous,3,2,7,12,0.25,0.1666666666666666,0.5833333333333334,L396_f04
npy,ipsi,continuous,9,1,6,16,0.5625,0.0625,0.375,L396_f04
tac3b,ipsi,continuous,1,1,0,2,0.5,0.5,0.0,L396_f04
pth2,ipsi,continuous,7,0,3,10,0.7,0.0,0.3,L396_f04
cfos,ipsi,continuous,0,1,0,1,0.0,1.0,0.0,L396_f04
